Temp_max,Temp_min,Vent,PLV,EVA,APP
4,17.0,11,0.100000001490116,1.9,0.0
10,11.0,44,56.0,1.4,0.6495
5,14.0,22,1.2,1.5,0.0257
10,22.0,39,0.0,1.0,0.0012
14,30.0,16,0.0,4.5,0.0
18,24.0,24,7.29999995231628,6.7,0.0005
22,31.0,24,33.39999985694888,8.23,0.0
23,35.0,31,17.500000238418576,8.05,0.0353
25,34.0,39,23.79999997019768,2.9,0.0028
16,24.0,26,2.5,3.3,0.0002
11,25.0,11,2.100000038743021,1.4,0.0093
9,17.0,29,16.50000009685755,2.5,0.0103
22,29.0,29,30.700000238418582,4.6,0.0045
23,29.0,29,0.0,5.0,0.0049
22,29.0,34,0.0,5.1,0.0
20,31.0,27,0.0,5.0,0.0049
18,27.0,26,29.200000286102288,5.3,0.0001
19,32.0,37,160.00000076293952,3.1,0.003
19,27.0,26,227.80000209808355,2.0,0.122
19,26.0,39,1.399999976158142,3.0,0.0029
17,27.0,28,0.0,4.8,0.0
18,28.0,21,0.0,4.5,0.0044
16,27.0,27,0.0,5.1,0.005
16,26.0,15,0.0,5.0,0.0
17,27.0,16,0.0,5.0,0.0
16,27.0,22,0.0,5.4,0.0003
16,28.0,15,0.0,6.0,0.0
18,30.0,27,0.0,5.7,0.0
21,30.0,26,1.100000023841858,5.3,0.0002
20,27.0,34,8.199999995529652,4.2,0.0001
2,17.0,9,6.800000011920929,2.3,0.0021
8,13.0,35,47.8,0.0,1.475
7,14.0,21,11.0,1.2,0.0014
8,13.0,44,59.30000020563603,0.0,0.012
16,33.0,27,0.0,4.7,0.0
16,24.0,26,1.5,4.8,0.0054
23,29.0,22,8.199999965727327,8.35,0.03
25,37.0,28,3.5000000000000044,9.25,0.0365
22,30.0,27,0.0,4.3,0.0
18,25.0,26,0.0,3.6,0.0035
11,24.0,15,0.0,1.9,0.0097
7,14.0,15,45.600000157952316,1.2,0.0091
18,28.0,26,118.6999995008111,3.4,0.0013
18,28.0,22,140.30000019073486,2.49,0.0124
21,28.0,21,0.0,3.8,0.0256
19,29.0,15,0.0,3.5,0.0134
20,29.0,13,0.0,3.6,0.0134
18,29.0,24,0.0,3.91,0.0137
20,31.0,26,23.60000038146973,4.37,0.0142
20,27.0,31,61.9,3.18,0.013
21,28.0,22,0.0,4.21,0.014
19,27.0,15,0.0,4.89,0.0026
17,30.0,15,0.0,3.06,0.0009
18,26.0,15,0.0,3.4,0.0011
17,25.0,15,0.0,3.06,0.0108
16,25.0,15,0.0,2.35,0.0241
15,27.0,27,0.0,2.4,0.0102
16,29.0,21,0.0,2.82,0.0105
18,30.0,22,0.0,2.4,0.0102
18,29.0,22,0.0,2.82,0.0106
18,30.0,26,0.0,2.94,0.0107
4,15.0,14,0.0,1.1,0.001
6,15.0,31,4.7,0.36,0.3454
7,17.0,24,0.0,1.7,0.002
8,16.0,42,6.1,0.6,0.0487
18,31.0,28,43.300000190734835,5.0,0.0
15,27.0,34,137.9999995231629,7.0,0.0
22,29.0,35,88.79999897480005,6.1,0.0196
26,36.0,29,22.0,9.85,0.0371
20,32.0,26,0.0,5.0,0.0049
16,26.0,21,0.0,3.8,0.0
12,24.0,15,5.0,2.35,0.0101
9,12.0,28,36.59999990463257,2.35,0.0242
15,24.0,22,68.69999980926514,1.14,0.023
14,28.0,26,1.5,2.35,0.0102
19,27.0,31,0.0,2.2,0.01
16,23.0,27,2.5,3.55,0.0113
13,18.0,34,32.599999740719795,1.8,0.0097
14,21.0,22,62.29999962151048,1.08,0.023
14,19.0,26,10.10000002384186,1.14,0.009000000000000001
10,18.0,22,38.799999237060504,2.35,0.0102
8,17.0,26,21.5,2.15,0.01
11,19.0,28,11.20000004768372,2.8,0.0106
9,14.0,24,60.60000038146973,3.0,0.0108
7,14.0,24,3.300000011920929,2.35,0.0102
8,16.0,29,3.600000023841858,1.68,0.0
5,21.0,29,0.0,2.5,0.0383
9,17.0,35,3.0,2.35,0.0102
6,17.0,28,0.5,1.14,0.0091
4,16.0,13,3.0,3.0,0.0108
12,15.0,15,13.0,2.56,0.0104
8,16.0,21,55.399999976158135,1.08,0.001
9,15.0,21,4.300000071525579,1.0,0.1451
8,17.0,22,0.0,2.04,0.0024
11,17.0,35,1.5,0.9,0.001
18,30.0,28,0.0,4.7,0.0
21,36.0,28,0.0,6.2,0.0
21,31.0,29,0.0,7.87,0.0215
25,32.0,34,0.100000001490116,10.15,0.0375
21,27.0,16,1.800000011920929,5.1,0.0
21,27.0,26,116.79999887943266,3.4,0.0003
13,23.0,27,291.80000209808355,1.48,0.0094
8,15.0,16,376.0,0.0,0.036000000000000004
9,15.0,41,446.4999992847442,1.02,0.009000000000000001
13,17.0,41,813.0000000476837,1.02,0.4719
11,16.0,26,41.39999957084657,0.7,0.0846
10,15.0,24,3.900000035762789,1.02,0.0059
10,17.0,41,3.1000000089406967,1.14,0.02
9,14.0,31,3.9000000357627913,1.02,0.0009
7,14.0,15,3.899999953806396,2.35,0.0021
3,14.0,16,0.0,1.18,0.0011
8,16.0,13,4.800000026822092,2.04,0.0018
6,15.0,15,3.5000000149011625,1.86,0.0017
7,16.0,21,0.0,1.74,0.0016
8,15.0,15,21.7999992370605,1.98,0.0
6,16.0,15,0.0,2.04,0.0018
8,18.0,15,0.0,1.98,0.0018
9,17.0,21,7.4999998807907,1.98,0.0018
9,17.0,24,19.59999990463256,1.2,0.0
7,12.0,29,7.300000011920929,2.04,0.0018
5,14.0,27,9.799999892711641,1.68,0.0015
10,17.0,27,0.0,2.1,0.0
7,17.0,15,0.0,1.26,0.0
12,16.0,21,2.200000005960465,1.08,0.0016
10,23.0,24,9.000000029802322,1.88,0.002
9,23.0,28,2.500000014901161,2.25,0.0024
14,26.0,27,0.0,2.63,0.0033
19,29.0,27,0.0,4.15,0.0006
20,35.0,31,6.0,7.63,0.0
22,32.0,22,23.70000004768372,9.99,0.0
23,30.0,31,22.200000077486045,7.3,0.0
21,29.0,27,10.79999995231628,3.61,0.0
13,22.0,22,0.9,2.04,0.0018
11,20.0,27,2.5,1.32,0.0011
10,19.0,21,0.0,1.92,0.0027
9,20.0,13,0.0,1.92,0.0038
8,19.0,13,0.0,1.75,0.0022
6,20.0,11,0.0,2.24,0.002
8,19.0,9,0.0,1.98,0.0009
11,18.0,24,0.0,1.77,0.0006
10,19.0,37,0.0,1.92,0.0004
12,20.0,29,0.0,2.04,0.0
8,22.0,13,0.0,2.24,0.0
6,23.0,27,0.0,2.6,0.0
-1,21.0,29,0.0,2.3,0.0061
9,16.0,31,0.7000000178813939,2.49,0.0026
0,14.0,21,10.400000035762787,2.4,0.1468
9,17.0,15,11.299999892711641,2.4,0.0
8,16.0,22,0.0,2.04,0.0027
8,16.0,11,3.9000000953674303,2.2,0.0
9,19.0,15,11.09999990463256,2.35,0.0001
12,16.0,13,52.09999995231628,1.92,0.0
13,18.0,11,55.59999973773956,1.44,0.0022
10,17.0,34,36.69999994337558,1.38,0.0014
11,16.0,27,18.199999979138376,1.68,0.0092
13,23.0,26,0.0,2.04,0.0021
14,19.0,29,3.5,2.3,0.0027
16,23.0,24,0.30000001192092896,2.76,0.0031
16,20.0,24,3.2,4.35,0.0088
24,34.0,21,0.0,7.7,0.0
22,32.0,22,0.8999999761581421,9.91,0.001
21,30.0,26,111.6000015884638,7.57,0.0
22,30.0,26,214.69999957084661,3.55,0.0
15,21.0,22,118.79999914169305,2.1,0.0018
7,19.0,15,0.0,1.8,0.0
11,19.0,31,0.0,1.92,0.0018
10,22.0,27,0.0,2.1,0.0
13,18.0,31,0.0,1.92,0.0
11,19.0,21,0.0,1.74,0.0006
8,19.0,26,0.0,1.86,0.002
11,18.0,13,22.400000095367467,1.92,0.0037
11,17.0,34,24.69999998807907,1.68,0.0006
10,17.0,28,16.899999970197683,1.56,0.0099
8,21.0,21,0.0,1.68,0.0
11,15.0,15,0.0,1.74,0.0001
12,15.0,21,0.700000002980232,1.98,0.0069
11,19.0,26,62.500000482797624,1.98,0.0022
12,20.0,21,55.29999976158142,1.74,0.0022
11,18.0,48,80.99999952316291,2.04,0.002
9,17.0,41,111.29999942779544,1.44,0.0343
11,20.0,22,0.0,1.8,0.0016
11,15.0,44,0.0,3.06,0.0
9,18.0,15,0.0,1.56,0.0003
12,25.0,26,0.0,2.4,0.0
13,20.0,26,0.5,2.1,0.0027
16,22.0,31,1.2,2.8,0.0
14,20.0,21,9.3,2.7,0.0316
22,33.0,24,16.0,6.85,0.0006
23,35.0,22,388.50000190734863,10.03,0.0
21,31.0,24,818.100004196167,7.45,0.0
23,30.0,24,291.5999994277954,4.09,0.0
13,21.0,27,216.30000042915339,1.98,0.0017
-2,19.0,24,239.49999910593033,1.98,0.0017
11,18.0,24,13.699999976158141,0.84,0.1569
9,19.0,24,51.400000002980235,1.14,0.5007
10,21.0,11,0.0,1.8,0.1592
8,21.0,16,0.0,1.49,0.0021
11,19.0,21,3.1,1.98,0.0393
12,19.0,22,4.5,1.14,0.0263
9,22.0,26,3.2000000476837176,0.98,0.0493
5,13.0,55,39.50000023841858,0.84,0.0132
6,15.0,39,35.59999966621399,1.84,0.001
6,13.0,37,80.29999971389773,1.44,0.0022
6,14.0,37,117.90000009536746,1.78,0.0017
6,19.0,29,50.399999666213986,1.86,0.0021
10,19.0,21,12.70000004768372,1.98,0.0022
7,17.0,16,4.500000059604649,2.28,0.0024
9,18.0,16,9.100000053644187,2.2,0.0027
12,20.0,24,3.8000000715255777,2.4,0.0026
11,19.0,34,17.800000071525577,2.4,0.0029
10,17.0,41,42.20000016689301,2.1,0.0029
10,23.0,21,18.100000023841858,2.0,0.0025
8,17.0,21,4.7,1.92,0.0034
9,16.0,22,24.199999809265137,1.44,0.0018
13,25.0,15,63.99999988079071,2.1,0.0
10,17.0,35,56.49999995231629,2.04,0.0025
16,24.0,31,1.400000011920929,2.15,0.0003
14,22.0,24,10.1,2.82,0.054000000000000006
21,35.0,22,5.59999990463257,7.66,0.0
24,33.0,29,0.0,10.4,0.0
22,32.0,29,0.0,7.81,0.0
21,30.0,24,0.0,3.97,0.0
14,21.0,27,0.0,2.13,0.0018
13,18.0,44,0.5,1.56,0.0
15,21.0,46,4.800000004470348,3.19,0.0039
13,21.0,27,0.0,4.51,0.0038
15,22.0,27,40.200000047683716,3.24,0.0054
13,19.0,16,158.99999823570252,3.6,0.0039
11,23.0,15,113.10000057220465,2.49,0.0043
11,24.0,24,0.0,3.12,0.003
16,21.0,31,2.199999988079071,3.49,0.0037
15,22.0,21,8.600000035762791,3.24,0.0041
13,22.0,24,0.3,2.68,0.0039
11,25.0,16,0.0,2.94,0.0032
13,26.0,21,0.0,3.6,0.0035
14,23.0,16,0.0,3.18,0.0043
15,24.0,24,0.0,2.76,0.0038
12,24.0,27,0.0,2.42,0.0033
16,23.0,16,0.0,2.82,0.0029
15,24.0,29,10.0,2.94,0.0034
16,22.0,29,38.700000762939425,3.06,0.0035
15,25.0,24,92.99999971389771,2.76,0.0036
9,18.0,37,0.0,1.98,0.0022
6,15.0,15,6.100000143051161,1.74,0.0016
8,27.0,27,17.500000029802326,2.1,0.0024
10,18.0,27,8.799999994039535,2.63,0.0024
15,23.0,31,0.0,2.98,0.0026
15,27.0,24,0.0,3.25,0.0181
21,29.0,44,10.699999988079071,7.96,0.0
23,32.0,29,21.79999995231629,8.29,0.0
20,28.0,31,0.0,7.51,0.0
22,33.0,26,0.0,4.21,0.0
15,20.0,22,1.6,1.86,0.0716
11,18.0,22,0.0,1.62,0.0
14,33.0,27,0.0,3.3,0.0
16,34.0,34,0.0,3.45,0.0027
16,25.0,34,2.0,3.86,0.0
16,23.0,22,5.3000001907348615,3.55,0.0
15,23.0,42,15.899999916553499,3.2,0.0
17,24.0,34,8.300000086426733,4.03,0.0
14,26.0,21,4.0,3.79,0.0
12,28.0,28,0.0,2.99,0.0
18,27.0,29,0.0,3.06,0.0011
17,31.0,21,0.0,3.79,0.0012
16,30.0,27,0.0,4.09,0.002
15,33.0,21,0.0,7.5,0.0
19,34.0,34,0.0,7.5,0.0
19,28.0,28,0.0,5.3,0.0029
19,27.0,46,8.60000020265579,4.33,0.0
18,29.0,42,22.10000010728836,3.24,0.0
16,25.0,39,0.0,4.09,0.0
16,27.0,28,11.0,4.21,0.0076
14,31.0,24,0.0,4.33,0.0017
10,18.0,15,0.5,1.62,0.0
6,19.0,22,44.299999237060575,1.68,0.0004
11,20.0,27,120.49999994039531,2.64,0.0024
9,20.0,15,54.60000014305115,2.76,0.0031
16,24.0,35,10.99999971687794,2.94,0.0035
17,34.0,39,0.30000001192092896,3.91,0.0018
21,30.0,29,0.200000002980232,7.51,0.0259
23,32.0,16,0.0,8.23,0.0
18,29.0,21,0.0,6.35,0.0
21,29.0,21,0.0,4.7,0.0
14,21.0,24,3.4,1.72,0.0015
11,19.0,26,0.0,1.44,0.0
20,33.0,29,0.0,6.76,0.0
24,35.0,24,0.6,6.96,0.0
22,33.0,28,0.0,6.79,0.0
22,31.0,24,0.0,6.45,0.0
19,35.0,24,0.0,7.39,0.0
20,36.0,35,0.0,8.23,0.0
23,35.0,28,0.0,8.53,0.0
21,31.0,27,15.0,7.5,0.0
21,34.0,26,0.0,7.36,0.0
22,31.0,21,0.0,7.69,0.0
22,32.0,24,0.0,6.29,0.0
23,47.0,31,0.0,7.81,0.0
24,45.0,22,0.0,9.19,0.0
22,34.0,39,0.0,8.71,0.0
22,29.0,31,0.0,7.87,0.0
21,31.0,26,0.0,8.05,0.0
21,30.0,24,0.0,7.81,0.0
20,33.0,27,0.0,7.6,0.0001
9,19.0,11,0.0,1.74,0.0018
9,20.0,13,2.0,1.2,0.0019
14,21.0,16,0.0,2.8,0.0014
8,22.0,21,0.6,2.56,0.0033
15,22.0,28,0.0,3.2,0.0035
20,28.0,28,0.0,4.4,0.0061
21,32.0,27,0.0,7.81,0.0026
20,35.0,24,0.0,7.81,0.0
19,29.0,28,0.0,6.67,0.0
20,26.0,29,11.3,3.18,0.0025
14,20.0,35,2.5,1.86,0.0016
14,19.0,31,0.0,1.56,0.0013
19,30.0,22,0.0,8.47,0.0
22,32.0,28,0.0,7.92,0.0046
20,34.0,31,0.0,8.71,0.0
22,33.0,31,0.0,8.56,0.0004
22,35.0,24,0.0,8.95,0.0
21,37.0,22,0.0,9.06,0.0
21,38.0,21,1.79999995231628,9.25,0.0149
22,41.0,22,0.0,9.19,0.0
23,39.0,27,0.0,9.43,0.0
26,36.0,27,0.0,9.49,0.0
23,43.0,21,0.0,10.09,0.0015
27,45.0,34,0.0,10.4,0.0
24,34.0,28,0.0,9.51,0.0
23,34.0,26,0.0,8.83,0.0
23,33.0,28,0.0,9.31,0.0
23,36.0,28,0.0,9.6,0.0
25,34.0,37,0.0,9.4,0.001
24,34.0,41,0.0,9.73,0.0008
24,33.0,41,0.0,9.7,0.0
7,18.0,27,0.0,1.92,0.0
10,19.0,22,0.0,2.1,0.0
11,15.0,35,0.0,2.01,0.0111
9,23.0,15,0.0,2.96,0.003
16,23.0,37,0.9,3.3,0.0038
19,29.0,31,0.0,4.89,0.0139
21,34.0,22,0.0,7.69,0.0001
25,34.0,31,0.0,8.35,0.0
19,29.0,21,0.0,6.19,0.0
20,26.0,22,1.8,2.94,0.0023
13,18.0,22,2.0,1.92,0.0017
14,17.0,34,9.0,1.5,0.0
22,35.0,26,26.0,7.27,0.0
23,33.0,22,0.0,7.61,0.0
23,31.0,27,0.0,6.97,0.0
20,34.0,21,0.0,6.37,0.0
23,33.0,24,0.0,7.69,0.0
22,33.0,22,0.0,7.63,0.0
23,33.0,21,11.0,7.21,0.0
23,30.0,28,20.99999990463256,7.9,0.0
21,37.0,35,0.0,7.15,0.0
23,44.0,41,0.100000001490116,8.11,0.0
26,31.0,26,0.0,8.21,0.0
26,31.0,26,0.0,8.4,0.0
23,35.0,27,0.0,8.45,0.0
25,37.0,27,0.0,8.6,0.0
24,37.0,21,0.0,8.7,0.0
26,40.0,16,0.0,7.23,0.0
24,43.0,24,0.0,8.6,0.0
27,44.0,31,0.0,9.19,0.0
24,33.0,29,0.0,9.91,0.0
11,18.0,22,0.0,1.56,0.0054
12,22.0,42,0.0,1.98,0.0008
14,16.0,42,75.0,0.85,0.6503
11,22.0,27,0.0,2.94,0.0035
17,26.0,41,0.0,3.0,0.0039
18,27.0,26,0.0,5.15,0.0
24,37.0,28,0.0,8.01,0.0056
23,30.0,34,0.0,8.17,0.0
18,31.0,24,0.0,6.25,0.0
20,27.0,28,0.0,2.81,0.0
11,21.0,28,1.4,1.8,0.0016
12,21.0,28,1.5,1.32,0.0
23,31.0,29,0.0,5.71,0.0
25,33.0,31,2.2000000029802322,5.95,0.0
24,33.0,27,0.0,6.07,0.0
23,35.0,26,0.0,5.89,0.0
26,37.0,26,0.0,6.19,0.0
25,37.0,24,6.20000004768372,5.67,0.0
22,30.0,26,15.9000001102686,5.83,0.0
21,29.0,31,14.6,5.71,0.0
19,27.0,21,6.0,5.35,0.0
18,28.0,22,3.0,5.41,0.0
21,29.0,16,9.699999976158143,3.5,0.0
18,30.0,29,514.5999977588654,4.4,0.0
20,25.0,35,444.1999992370606,2.42,0.3261
20,30.0,24,0.0,3.12,0.0027
19,28.0,27,0.0,3.24,0.0028
19,25.0,27,0.0,4.9,0.0
20,32.0,22,0.0,4.21,0.0
21,30.0,24,0.0,4.18,0.0
8,18.0,11,2.0,2.04,0.0002
12,18.0,44,3.2,1.04,0.0102
12,17.0,35,54.9,0.0,2.4101
12,24.0,29,0.0,3.06,0.0035
15,30.0,31,0.0,2.35,0.0036
16,29.0,22,43.500000000000036,6.43,0.0
22,30.0,42,50.80000019073486,8.65,0.0
22,30.0,21,14.5,7.81,0.0
19,29.0,21,0.0,5.77,0.0
19,25.0,31,4.700000047683719,2.88,0.0
11,18.0,35,2.400000050663952,2.04,0.0018
11,19.0,28,0.0,1.56,0.0013
17,25.0,48,669.5999965667725,2.88,0.0023
18,24.0,24,433.299998664856,1.02,0.8769
16,23.0,16,146.4999998092651,1.74,0.0855
13,24.0,16,113.8999996185303,2.2,0.0019
17,25.0,15,112.40000000000005,2.04,0.0018
16,25.0,13,0.100000001490116,2.3,0.002
18,24.0,22,18.79999995231628,2.42,0.0021
15,21.0,26,35.90000005066395,2.63,0.0023
11,16.0,37,74.49999976456166,2.42,0.0021
12,18.0,22,181.29999923706052,2.56,0.0022
13,20.0,27,130.0000007629395,1.86,0.0016
13,21.0,13,0.0,2.04,0.0018
16,24.0,16,0.0,2.25,0.002
16,24.0,21,0.0,2.4,0.0021
18,24.0,15,0.0,2.63,0.0023
16,23.0,11,0.0,2.81,0.0
18,24.0,26,8.999999999999996,2.94,0.0026
18,24.0,26,33.00000061988834,2.56,0.0022
15,22.0,24,59.70000038146976,2.3,0.002
8,20.0,16,63.99999988079071,2.3,0.0023
13,18.0,39,48.2000004529953,1.08,0.0332
11,14.0,22,11.000000062584881,0.24,0.2417
15,23.0,28,5.200000017881393,2.94,0.0036
15,31.0,16,63.60000014305117,3.06,0.0028
19,31.0,24,51.7000002861023,6.61,0.0
20,28.0,35,1.89999997615814,9.19,0.0
21,31.0,22,4.900000035762787,7.23,0.0
19,31.0,28,4.399999916553499,5.2,0.0
17,26.0,21,0.3,3.0,0.0
13,20.0,29,0.0,1.98,0.0017
9,15.0,31,1.9,1.5,0.0
14,19.0,26,0.0,2.04,0.0018
12,21.0,29,10.29999995231628,2.5,0.0
10,17.0,24,127.4999991893769,1.86,0.0016
9,15.0,28,128.09999959468846,1.8,0.0016
8,14.0,39,23.999999880790707,1.68,0.0015
8,16.0,22,21.39999990463257,1.56,0.0014
5,19.0,27,0.0,1.74,0.0015
7,21.0,22,0.0,1.74,0.0015
9,21.0,24,0.0,1.86,0.0
10,26.0,22,0.0,1.98,0.0
12,23.0,22,0.0,1.92,0.0
13,21.0,15,3.0,1.68,0.0
13,23.0,29,3.600000029802323,1.74,0.0
14,21.0,15,3.0,1.62,0.0
12,20.0,21,0.0,1.8,0.0016
12,20.0,16,0.0,1.86,0.0
11,19.0,15,34.09999990463257,1.74,0.0015
12,16.0,31,26.599999880790723,1.44,0.0012
13,18.0,39,11.800000190734881,2.4,0.0026
11,22.0,24,0.0,1.58,0.0012
10,16.0,27,20.60000003576279,0.78,0.2877
15,23.0,35,5.800000101327906,3.24,0.0035
13,32.0,16,2.4000000357627913,3.06,0.0
18,32.0,29,0.500000014901161,6.49,0.0
21,29.0,31,11.0,8.59,0.0
20,34.0,21,9.40000003576279,7.7,0.0
21,29.0,27,12.599999800324444,5.89,0.0
20,29.0,22,48.09999990463257,3.12,0.0025
12,21.0,31,93.29999995231628,2.2,0.0019
9,14.0,37,84.59999971389767,1.98,0.0017
8,16.0,31,76.10000002384186,1.8,0.0015
9,14.0,29,67.89999980926511,1.68,0.0014
8,11.0,22,79.29999978542327,1.32,0.0011
4,15.0,57,27.49999985694886,1.44,0.0012
-6,13.0,29,2.0,2.15,0.0018
4,14.0,26,6.5,1.5,0.0013
7,16.0,16,4.0,1.68,0.0014
7,15.0,13,0.0,1.56,0.0013
7,16.0,24,0.0,1.44,0.0012
13,17.0,31,2.400000035762789,1.62,0.0014
10,19.0,24,4.899999976158138,1.74,0.0015
8,19.0,11,0.6,1.86,0.0016
8,17.0,15,0.0,1.68,0.0014
7,17.0,11,0.0,1.56,0.0013
10,16.0,15,0.0,1.8,0.0015
10,16.0,13,146.5999984741211,1.62,0.0014
11,14.0,22,323.2000003814698,1.39,0.0012
12,16.0,24,242.10000000000002,1.44,0.0012
11,15.0,26,275.39999828338625,1.14,0.141
-2,14.0,26,25.500000002980233,1.02,0.0149
8,18.0,16,16.89999985694885,1.92,0.0017
12,19.0,28,0.0,2.63,0.0
10,15.0,24,45.60000002384186,1.8,0.0379
16,24.0,21,8.79999995231628,4.5,0.0
21,32.0,35,0.0,6.31,0.0
21,33.0,21,0.0,6.0,0.0013
24,37.0,22,0.0,10.03,0.0066
22,32.0,16,0.0,7.27,0.0
19,24.0,22,7.0,2.94,0.002
14,28.0,22,0.0,2.35,0.0016
7,19.0,22,0.400000005960465,2.94,0.0
7,17.0,22,1.20000004768372,1.44,0.0013
6,17.0,11,0.0,1.68,0.0015
6,19.0,16,0.0,1.8,0.0016
-2,18.0,28,13.39999985694885,1.98,0.0017
10,16.0,39,83.79999949932102,1.62,0.0014
8,16.0,21,59.70000023841858,1.38,0.0012
5,17.0,9,5.8,1.44,0.0433
7,17.0,11,0.0,1.74,0.0155
9,18.0,13,0.0,1.56,0.0014
6,18.0,39,0.0,1.62,0.0014
10,16.0,44,19.40000016987324,2.04,0.0018
9,14.0,28,27.49999977350235,1.82,0.0016
8,15.0,15,0.0,1.74,0.0015
-2,16.0,13,0.0,1.68,0.0015
-5,17.0,21,0.0,1.74,0.0015
7,17.0,31,0.0,1.8,0.0016
8,20.0,11,0.0,1.92,0.0017
8,22.0,15,0.0,1.62,0.0014
5,18.0,21,0.0,1.74,0.0015
8,16.0,13,2.5,1.26,0.0011
7,20.0,15,0.0,2.04,0.0
13,21.0,37,0.0,2.49,0.0
13,20.0,35,0.0,1.45,0.0012
15,23.0,22,8.0,4.27,0.0
19,25.0,31,12.0,6.55,0.0
21,35.0,27,8.5,8.63,0.0075
22,35.0,24,30.799999475479147,10.57,0.0
22,33.0,22,31.89999979734421,6.91,0.0
19,25.0,27,6.69999992847442,3.06,0.002
13,27.0,39,13.499999955296513,2.92,0.0
9,17.0,26,0.0,2.35,0.0
4,16.0,16,5.20000004768372,1.56,0.0014
5,17.0,24,16.70000004768372,1.8,0.0016
12,17.0,27,56.29999976158142,1.92,0.0017
12,16.0,29,53.000000005960466,1.74,0.0015
6,12.0,21,3.000000023841858,1.2,0.001
6,14.0,27,0.0,1.68,0.0015
1,17.0,22,0.0,1.94,0.0017
8,20.0,27,0.0,2.15,0.0019
11,20.0,16,0.0,2.04,0.0018
12,18.0,27,4.0999999791383726,2.1,0.0
10,17.0,24,8.20000004768372,1.68,0.0
-1,19.0,27,5.5,2.04,0.0
10,23.0,24,2.70000004768372,2.25,0.002
9,21.0,15,4.0,2.31,0.0
8,19.0,16,7.0,2.52,0.0
11,20.0,15,0.0,2.49,0.0022
8,19.0,21,0.0,2.56,0.0
-2,19.0,16,0.0,1.44,0.0013
5,19.0,21,0.0,1.8,0.0016
11,26.0,27,0.0,2.42,0.0
14,19.0,44,48.299999713897726,3.45,0.0029
15,23.0,27,91.99999976158142,4.36,0.0
19,26.0,31,111.69999980926514,6.7,0.0
23,41.0,29,75.5,6.8,0.0039
25,34.0,29,36.49999976158138,10.39,0.0
22,33.0,22,49.49999995231629,6.37,0.0
17,30.0,21,14.49999952316287,3.24,0.0022
17,25.0,21,0.5,2.04,0.002
10,15.0,39,0.0,2.04,0.0013
14,20.0,37,0.0,2.2,0.0
9,21.0,16,0.0,3.12,0.0
8,23.0,21,1.0,3.4,0.0
11,23.0,31,5.0,3.6,0.0
13,21.0,24,1.5,3.59,0.0
12,26.0,28,0.0,3.3,0.0
12,21.0,22,0.0,3.21,0.0
11,17.0,21,0.0,2.25,0.0
9,17.0,29,0.0,2.42,0.0
9,22.0,22,0.0,2.2,0.0
11,24.0,37,11.59999990463257,2.04,0.0
7,16.0,57,37.19999980926514,1.98,0.0
10,20.0,35,36.90000023841858,3.61,0.0
11,22.0,28,50.60000014305114,2.04,0.0017
10,15.0,50,100.4999996185303,2.04,0.0
11,17.0,48,59.199999812245366,1.4,0.0012
12,19.0,26,0.0,2.82,0.0
8,21.0,26,0.0,3.8,0.0
11,20.0,34,154.1000003814698,3.24,0.0
10,15.0,28,194.90000000596046,1.62,0.0014
9,22.0,27,1.400000005960465,2.04,0.0018
9,20.0,24,4.600000023841861,2.7,0.0
12,18.0,29,5.300000029802322,2.76,0.0024
14,23.0,22,1.9000000357627869,4.57,0.0
18,27.0,29,0.0,6.01,0.0
25,36.0,31,0.0,9.21,0.006
23,35.0,22,0.0,10.51,0.0
23,37.0,15,0.0,6.97,0.0
16,23.0,37,0.0,2.88,0.0
16,25.0,22,0.0,1.93,0.0013
9,17.0,28,0.0,2.35,0.0
13,18.0,24,0.0,3.35,0.0001
12,22.0,27,0.0,3.18,0.0027
12,20.0,24,0.0,3.4,0.0
9,27.0,28,0.0,3.31,0.0
16,26.0,29,0.0,3.55,0.0
15,29.0,28,0.0,8.91,0.0
15,24.0,24,0.0,3.85,0.0033
14,27.0,48,0.0,3.77,0.0
15,23.0,35,13.00000011920929,4.8,0.0
13,24.0,34,20.69999976158142,3.77,0.0
14,23.0,24,0.0,3.61,0.0
12,24.0,29,0.0,4.2,0.0
15,23.0,28,0.0,4.33,0.0
14,22.0,28,0.0,4.18,0.0
13,22.0,21,0.0,4.15,0.0
11,24.0,31,0.0,4.33,0.0
15,29.0,26,0.0,3.91,0.0
12,33.0,27,0.0,4.72,0.0
10,18.0,11,0.0,1.68,0.0015
11,18.0,24,0.0,1.78,0.0016
7,14.0,28,1.9,2.42,0.0021
11,19.0,31,0.6,2.56,0.0022
12,26.0,21,0.0,4.79,0.0
18,26.0,27,0.0,5.83,0.0
23,33.0,31,0.0,9.9,0.0064
22,34.0,21,0.0,9.55,0.0
26,41.0,26,5.0,6.01,0.0
14,25.0,16,16.60000009834767,3.41,0.0023
13,24.0,13,36.300000011920936,2.42,0.0
8,19.0,26,135.50000119209295,1.92,0.0012
14,23.0,34,212.29999980926507,1.68,0.0014
15,25.0,24,0.0,3.61,0.0031
14,29.0,22,0.0,4.45,0.0
19,33.0,34,0.0,5.25,0.0
19,29.0,31,0.0,5.39,0.0
18,25.0,22,1.900000035762791,5.2,0.0
17,23.0,34,2.70000004768372,5.03,0.0
16,26.0,35,0.9,4.21,0.0
16,28.0,24,0.0,5.71,0.0
15,30.0,21,0.0,5.95,0.0
16,27.0,22,0.0,5.77,0.0
18,37.0,31,0.0,6.07,0.0
22,32.0,35,0.0,6.19,0.0
22,29.0,35,0.0,6.53,0.0
21,30.0,41,0.0,7.9,0.0
19,26.0,29,0.0,6.85,0.0
19,27.0,31,0.6,6.49,0.0
17,30.0,26,0.0,5.1,0.0
18,35.0,31,0.0,6.07,0.0
8,18.0,13,0.0,1.74,0.0015
8,18.0,22,0.0,1.74,0.0015
4,14.0,34,14.8,1.14,0.001
9,24.0,27,0.0,2.1,0.0018
17,26.0,28,0.0,5.7,0.0
18,32.0,29,0.0,5.65,0.0
20,38.0,26,0.0,8.89,0.0058
22,38.0,27,2.0,9.31,0.0
27,40.0,35,8.0,7.81,0.0
16,27.0,27,0.0,3.67,0.0034
12,21.0,16,0.0,2.63,0.004
12,21.0,27,0.0,2.55,0.0
19,29.0,41,0.0,6.67,0.0
19,29.0,28,0.0,6.55,0.0
18,28.0,26,0.0,6.85,0.0
22,40.0,29,9.69999998807907,7.0,0.0
23,43.0,44,1.60000002384186,8.11,0.0002
21,31.0,29,0.0,8.71,0.0106
20,30.0,28,0.0,7.65,0.0108
19,29.0,26,0.0,7.88,0.0072
17,30.0,22,0.0,5.89,0.0046
18,34.0,26,0.0,7.75,0.0048
20,36.0,29,0.0,7.93,0.0016
23,36.0,31,0.0,8.05,0.01
21,38.0,22,0.0,7.99,0.0
21,30.0,24,0.0,8.25,0.006
23,31.0,24,0.0,8.17,0.0
23,34.0,28,0.0,8.05,0.0051
22,31.0,22,0.0,8.26,0.0051
21,34.0,21,0.0,8.41,0.0055
9,18.0,21,0.0,1.98,0.0017
9,18.0,37,0.0,2.1,0.0
6,14.0,37,9.5,1.08,0.0009
12,30.0,16,0.0,2.42,0.0021
16,23.0,26,0.0,4.86,0.0
19,27.0,31,0.0,5.89,0.0
26,42.0,26,0.0,8.95,0.0066
23,41.0,21,0.0,9.61,0.0
26,37.0,22,0.0,7.03,0.0
16,28.0,27,0.0,3.85,0.0026
13,22.0,24,2.6,1.74,0.0012
13,18.0,27,0.0,2.1,0.0013
26,34.0,29,0.0,10.23,0.0093
24,31.0,31,0.0,10.03,0.0161
23,31.0,26,0.0,9.8,0.0049
23,30.0,16,0.0,8.71,0.0
22,35.0,27,0.0,8.41,0.0
25,34.0,31,0.5,9.95,0.0063
23,32.0,28,0.0,9.31,0.0004
21,33.0,16,0.0,9.49,0.0048
24,42.0,28,0.0,9.19,0.006
23,30.0,46,0.0,9.91,0.005
21,30.0,35,0.0,9.49,0.0059
19,32.0,24,0.0,7.87,0.0041
21,36.0,21,0.0,8.11,0.0054
24,35.0,31,0.0,8.65,0.0032
24,35.0,34,0.0,9.8,0.0045
23,34.0,28,0.0,9.92,0.0113
21,32.0,21,0.0,10.15,0.0068
22,35.0,24,0.0,9.8,0.0033
23,36.0,21,0.0,10.11,0.0048
10,18.0,21,0.0,1.68,0.0015
10,16.0,37,0.0,2.2,0.0
6,15.0,24,0.0,1.38,0.0012
16,24.0,31,0.0,3.4,0.0
15,23.0,31,0.0,4.69,0.0
19,23.0,27,0.6,4.82,0.0
25,33.0,24,0.0,11.23,0.01
26,40.0,22,0.0,11.05,0.0
23,35.0,27,0.0,6.91,0.0046
19,29.0,27,0.0,3.3,0.0
12,23.0,15,0.0,1.97,0.0058
12,18.0,13,0.0,2.04,0.0
24,39.0,16,0.0,9.55,0.0
24,40.0,26,0.0,10.21,0.0
25,35.0,37,0.0,10.15,0.0
22,31.0,28,0.0,9.13,0.0
19,33.0,24,0.0,8.5,0.0
23,32.0,26,0.0,8.88,0.0
21,36.0,22,0.0,8.71,0.0
24,35.0,21,0.0,8.53,0.0
24,33.0,22,0.0,8.17,0.0
22,35.0,27,0.0,8.23,0.0
22,36.0,27,0.0,8.65,0.0
25,35.0,24,0.0,8.29,0.0
24,32.0,26,0.0,7.93,0.0
22,33.0,28,0.0,7.57,0.0
21,32.0,21,0.0,7.81,0.0
22,32.0,22,0.0,7.69,0.0
20,34.0,16,0.0,7.63,0.0
21,34.0,21,0.0,7.27,0.0
22,34.0,21,0.0,7.09,0.0
9,18.0,11,0.0,1.74,0.0015
10,15.0,24,30.0,1.5,0.0013
9,15.0,27,52.1,1.2,0.001
15,32.0,16,0.0,3.15,0.0
17,23.0,34,0.0,5.89,0.0
15,26.0,21,1.2,4.18,0.0
24,34.0,21,0.0,10.15,0.0044
25,33.0,31,0.0,10.81,0.0
23,37.0,27,0.0,7.15,0.0
17,28.0,28,7.2,3.78,0.0064
12,23.0,15,0.0,2.04,0.0
12,17.0,22,14.5,2.15,0.0013
19,32.0,29,98.29999916553497,6.97,0.0
18,25.0,22,225.00000190734863,3.13,0.0021
19,26.0,35,44.30000038146972,2.04,0.0014
19,28.0,26,0.3,3.4,0.0023
19,28.0,16,4.3,3.79,0.0
20,29.0,22,2.0,4.69,0.0
20,31.0,34,19.60000002384186,5.03,0.0
20,25.0,26,16.599999964237213,4.69,0.0
18,27.0,15,15.499999958276746,3.79,0.0
18,27.0,21,20.300000023841857,3.06,0.0
21,29.0,24,1.0,6.61,0.0044
19,27.0,26,0.0,3.89,0.0026
19,25.0,27,10.70000004768372,7.97,0.0
18,26.0,21,62.70000004768375,2.94,0.0
17,20.0,15,20.199999786913395,3.5,0.0
15,25.0,13,5.600000023841862,3.24,0.0022
16,27.0,16,7.59999995231628,3.12,0.0
20,24.0,21,9.0,3.06,0.0
9,18.0,13,35.39999985694885,2.04,0.0018
7,13.0,27,13.400000002980232,1.2,0.001
6,20.0,24,0.0,1.26,0.0011
17,29.0,16,0.0,4.03,0.002
16,20.0,15,0.4,7.93,0.0
17,29.0,27,0.0,6.85,0.0
23,36.0,22,0.0,10.03,0.0105
23,32.0,28,41.3999996185303,9.37,0.0
24,40.0,26,23.0,6.97,0.0
20,27.0,22,2.7,2.82,0.0
13,22.0,27,0.0,1.8,0.0012
12,21.0,21,0.0,2.2,0.0
17,26.0,15,0.0,3.24,0.0
15,27.0,15,0.0,3.45,0.0
15,28.0,13,0.0,3.3,0.0
17,29.0,11,0.0,3.24,0.0
19,26.0,24,5.1999998092651385,3.18,0.0
18,27.0,15,17.3,2.49,0.0017
17,28.0,27,21.2000007629395,2.3,0.0
18,28.0,27,0.0,2.42,0.0
18,28.0,21,6.699999988079071,2.1,0.0
18,26.0,24,79.7000007629395,1.92,0.0
17,26.0,13,212.39999980926513,1.2,0.0017
17,27.0,27,4.5,2.24,0.0015
21,28.0,21,0.0,2.35,0.0016
20,27.0,13,15.5,2.1,0.0014
19,29.0,41,11.000000000000009,1.96,0.0013
18,28.0,35,25.40000004768372,1.8,0.0012
17,31.0,39,10.600000041723252,2.15,0.0014
15,23.0,24,5.800000008940696,2.35,0.0016
14,24.0,46,7.699999988079071,2.1,0.0044
11,19.0,21,2.300000011920929,1.68,0.0015
6,15.0,16,0.9,1.38,0.0012
12,19.0,37,0.100000001490116,1.56,0.0014
17,23.0,28,0.30000001192092896,3.79,0.0
14,18.0,15,9.8,2.56,0.0
20,31.0,28,7.40000009536743,6.43,0.0
23,36.0,28,5.599999785423282,10.18,0.0094
19,33.0,21,0.0,9.55,0.0
24,39.0,16,0.0,6.75,0.0
21,27.0,22,11.8,2.7,0.0
15,23.0,11,11.7,1.86,0.0036
7,14.0,39,0.0,1.92,0.0036
13,23.0,24,0.0,2.1,0.0013
12,22.0,24,0.0,2.35,0.0
9,20.0,13,7.0,2.25,0.0014
11,20.0,27,4.5,2.2,0.0
13,19.0,28,83.99999945163724,1.92,0.0012
13,20.0,27,151.00000139474875,1.14,0.0175
11,21.0,15,2.5,1.44,0.0009
11,23.0,15,0.0,1.74,0.0011
10,21.0,26,0.0,2.2,0.0
14,19.0,42,27.5,2.25,0.0
13,17.0,22,22.10000001192093,1.86,0.0096
11,21.0,21,2.6000000238418597,1.92,0.0012
11,22.0,31,2.0,2.15,0.0014
9,18.0,27,0.0,2.35,0.0
12,21.0,41,12.0,3.06,0.0
11,21.0,41,7.6,2.8,0.0
11,20.0,28,0.0,1.92,0.0012
12,21.0,39,0.0,2.76,0.0
9,18.0,31,0.0,1.74,0.0015
3,16.0,15,0.0,1.32,0.0012
13,23.0,31,0.0,1.26,0.0011
15,21.0,29,0.0,3.45,0.0001
15,21.0,21,4.3,2.04,0.0
20,28.0,31,0.0,6.31,0.0002
25,38.0,31,0.0,10.03,0.0117
24,37.0,29,0.0,9.19,0.0
25,38.0,39,2.2000000476837203,9.9,0.0
18,28.0,27,6.20000004768372,3.0,0.0
14,25.0,22,13.0,2.3,0.0
7,15.0,35,39.39999973773956,1.75,0.0
10,17.0,27,7.20000004768372,1.63,0.0018
8,18.0,35,0.0,2.1,0.0
11,16.0,24,0.0,1.92,0.0
8,16.0,27,7.799999952316281,1.68,0.0
-3,15.0,50,5.39999997615814,1.74,0.0031
9,14.0,42,31.000000000000007,1.92,0.0
9,13.0,28,41.599999952316274,1.86,0.0036
10,16.0,35,31.699999880790713,1.2,0.0
10,17.0,31,0.0,1.68,0.001
10,17.0,16,2.5,1.74,0.0011
8,18.0,13,2.0,1.86,0.0
7,17.0,11,0.0,2.2,0.0022
6,16.0,16,0.0,1.74,0.0
0,17.0,11,0.0,1.55,0.0022
6,17.0,11,0.0,1.86,0.0
-3,15.0,9,0.100000001490116,1.56,0.0077
10,17.0,27,0.0,1.74,0.0
9,17.0,13,0.0,1.44,0.0
6,17.0,22,0.0,1.56,0.0031
12,19.0,50,2.5,2.15,0.0015
8,13.0,42,0.6,0.93,0.0
14,23.0,39,1.29999995231628,2.2,0.0028
13,23.0,21,0.0,2.63,0.0
17,30.0,35,0.0,3.67,0.0062
19,26.0,50,0.0,6.91,0.0
22,32.0,26,0.0,8.11,0.0
19,31.0,21,20.10000014305114,9.63,0.0006
19,30.0,28,13.79999995231628,8.77,0.0
16,28.0,15,8.5,3.5,0.0
14,22.0,15,21.80000007152557,2.49,0.0
12,25.0,37,23.200000286102313,2.42,0.0
8,16.0,57,32.899999988079074,1.3,0.0009
9,18.0,28,57.799999797344206,2.04,0.0
11,15.0,44,107.10000072717669,1.5,0.001
11,16.0,29,68.10000027418137,1.14,0.0008
9,15.0,15,22.1000000834465,1.04,0.0
10,15.0,27,13.999999943375585,1.14,0.0008
9,15.0,9,22.19999980926514,1.2,0.0008
10,15.0,24,118.59999990463251,1.8,0.0112
12,17.0,41,72.90000039339073,1.2,0.0008
11,16.0,26,11.900000005960464,1.32,0.0009
9,15.0,13,0.0,1.38,0.0009
6,17.0,24,0.0,1.32,0.0009
12,19.0,26,0.0,1.2,0.0
13,17.0,26,3.8000000268220897,1.14,0.0008
11,18.0,21,19.3,1.04,0.0007
11,16.0,28,7.999999999999998,1.2,0.0008
9,16.0,31,3.100000023841858,0.98,0.0007
9,16.0,37,18.10000002384186,1.02,0.0
8,17.0,28,13.60000014305116,1.02,0.0007
12,17.0,35,18.000000029802326,2.35,0.0
7,14.0,35,3.600000113248834,0.8,0.0005
12,21.0,22,0.0,1.68,0.0011
13,22.0,22,0.0,2.56,0.0
16,27.0,24,4.899999976158142,3.6,0.0
19,29.0,34,86.10000014305115,6.79,0.0
20,31.0,22,71.30000019073486,6.77,0.0
21,33.0,22,31.900000035762787,9.85,0.0
25,37.0,41,88.30000048875809,8.53,0.0
16,30.0,24,116.60000038146973,3.45,0.0043
12,21.0,35,25.89999981224537,2.15,0.0017
11,20.0,27,1.000000001490116,1.2,0.0012
5,12.0,29,108.90000009536737,1.08,0.0007
7,14.0,29,112.40000019073486,0.96,0.0006
5,13.0,22,18.90000002384186,1.14,0.0008
12,18.0,28,4.700000047683716,1.2,0.0008
8,22.0,27,0.0,1.14,0.0008
7,23.0,31,0.0,1.35,0.0009
14,25.0,35,0.0,1.35,0.0
9,17.0,42,0.0,1.59,0.0011
8,20.0,24,0.0,1.44,0.0
12,24.0,21,0.0,1.62,0.0011
13,23.0,24,14.0,1.5,0.001
13,20.0,46,5.49999992847442,1.8,0.0012
12,24.0,21,0.0,1.74,0.0
12,24.0,46,0.0,1.86,0.0012
11,22.0,29,0.0,1.62,0.0011
13,29.0,21,0.0,2.04,0.0
11,18.0,15,0.0,2.2,0.0
4,17.0,16,0.0,0.96,0.0007
14,22.0,42,0.0,2.9,0.0
10,24.0,29,0.0,2.8,0.0
16,27.0,31,8.7,3.12,0.0041
19,30.0,31,20.799999833106995,5.77,0.0
21,33.0,24,396.5000026226045,7.29,0.0
23,33.0,28,301.2000007629395,10.03,0.0
22,27.0,35,152.70000048279763,7.59,0.0
19,31.0,21,100.90000076591973,3.3,0.0047
15,20.0,26,4.6,1.98,0.0021
10,15.0,29,160.70000094175344,1.86,0.0
10,14.0,29,164.9000003814697,1.02,0.0207
9,15.0,22,47.39999980926514,0.96,0.0006
8,16.0,26,42.59999976456165,1.14,0.0008
8,16.0,29,0.400000005960465,1.04,0.0007
7,17.0,15,0.0,1.2,0.0008
7,22.0,24,0.0,1.42,0.001
10,24.0,16,0.0,1.36,0.0
10,23.0,27,0.0,1.62,0.0011
10,27.0,22,0.0,1.74,0.0
16,24.0,22,0.0,1.8,0.0012
14,22.0,24,0.0,1.86,0.0
13,24.0,28,0.0,1.68,0.0011
15,27.0,21,0.0,1.92,0.0
13,23.0,22,0.0,2.15,0.0
13,22.0,42,0.0,2.3,0.0
11,21.0,22,0.0,2.25,0.0023
8,27.0,24,0.0,2.3,0.0
11,24.0,42,0.0,2.45,0.0
14,23.0,22,0.0,2.56,0.0
9,19.0,13,0.0,2.35,0.0016
3,19.0,21,0.0,1.14,0.0
14,21.0,35,0.0,2.76,0.0
15,26.0,31,27.10000014305115,2.94,0.0
16,22.0,29,10.29999980926514,2.24,0.0035
19,27.0,29,0.0,6.89,0.0
20,34.0,22,0.0,7.35,0.0202
23,32.0,35,29.900000274181366,9.91,0.0
21,29.0,22,82.99999995231629,7.33,0.0
20,32.0,27,87.90000009536743,3.61,0.0
15,21.0,31,98.29999989271164,1.44,0.0374
9,14.0,21,98.79999957084652,0.78,0.0008
14,21.0,21,87.59999980926514,1.74,0.0012
13,23.0,41,0.5,2.63,0.0018
16,23.0,24,0.0,3.0,0.0
15,22.0,22,16.99999988079071,2.42,0.0032
15,22.0,16,156.59999971389772,2.2,0.0
15,22.0,24,88.8000002741814,1.8,0.0012
14,21.0,28,26.69999990463257,2.04,0.0014
10,23.0,16,0.0,2.2,0.0015
11,27.0,34,0.0,2.63,0.0033
18,23.0,29,89.5,3.06,0.0
16,23.0,29,61.5,2.04,0.0026
16,20.0,37,12.800000071525577,2.7,0.0018
15,22.0,28,33.900000023841855,2.88,0.0019
15,25.0,24,8.5,2.82,0.0019
14,25.0,27,0.0,2.63,0.0
13,24.0,28,0.0,3.0,0.0
14,24.0,27,0.0,3.18,0.0
11,27.0,31,0.0,3.55,0.0
8,23.0,16,0.0,2.2,0.0
10,20.0,35,80.30000019073486,1.2,0.0
11,21.0,22,50.799999833106995,2.42,0.0016
12,19.0,29,15.800000038743022,3.0,0.0
14,23.0,29,1.5,2.88,0.0
18,28.0,27,0.0,6.3,0.0008
23,35.0,24,0.0,8.01,0.0
22,31.0,35,0.0,9.63,0.0
21,31.0,27,0.0,7.29,0.0
20,29.0,27,0.0,3.24,0.0
15,21.0,34,43.8,0.0,0.384
7,16.0,26,0.7,0.96,0.0
16,27.0,28,0.0,4.21,0.0
14,22.0,35,32.90000009536744,4.33,0.0
13,22.0,46,11.800000190734862,4.21,0.0
14,23.0,34,0.0,4.09,0.0
13,24.0,35,0.0,4.27,0.0
15,24.0,35,0.0,4.55,0.0
14,26.0,35,0.0,4.63,0.0
15,22.0,34,7.299999952316281,4.75,0.0
15,25.0,31,2.8999999642372085,4.21,0.0
14,27.0,21,54.5,5.03,0.0
16,27.0,21,535.2000007629395,4.96,0.0
16,21.0,27,262.4000007510186,3.91,0.0062
14,26.0,16,35.99999995231628,2.88,0.0019
14,32.0,28,0.0,4.55,0.006
19,37.0,34,0.0,6.42,0.0
20,28.0,22,0.0,6.75,0.0
18,24.0,26,27.200000196695328,5.03,0.0
18,25.0,37,20.4,3.45,0.0
19,29.0,41,0.0,3.91,0.0
12,21.0,21,0.0,2.35,0.0016
11,18.0,35,0.3,0.93,0.0006
11,14.0,27,0.0,2.2,0.0
10,19.0,26,0.0,2.94,0.0028
13,23.0,24,0.0,3.45,0.0
16,30.0,22,0.0,6.15,0.0
24,34.0,34,0.0,8.17,0.0
22,32.0,29,0.0,9.37,0.0
20,33.0,26,0.0,8.53,0.0011
17,34.0,22,0.0,3.12,0.0
15,22.0,27,0.8,0.6,0.3173
8,20.0,13,0.0,1.08,0.0153
19,28.0,28,0.0,5.82,0.0014
20,32.0,29,0.0,6.15,0.0
20,31.0,28,6.700000047683719,5.77,0.0004
20,29.0,27,1.9,4.75,0.0
20,36.0,26,0.0,7.21,0.0
20,30.0,35,0.0,8.25,0.0
20,31.0,31,5.500000059604649,8.75,0.0
18,31.0,44,11.900000154972085,6.3,0.0
16,25.0,41,7.2,4.72,0.0011
17,26.0,35,0.0,6.67,0.0
18,28.0,28,0.0,6.67,0.0
16,28.0,28,0.0,7.15,0.0
15,29.0,24,0.0,7.45,0.0
20,29.0,24,0.0,7.27,0.0
19,29.0,26,0.0,7.87,0.0
18,31.0,27,0.0,7.75,0.0015
20,32.0,28,0.0,7.69,0.0017
21,33.0,29,0.0,7.99,0.0
8,20.0,24,0.0,2.4,0.0016
10,16.0,37,9.2,0.6,0.0004
10,14.0,24,10.2,1.08,0.0007
14,22.0,34,0.0,3.45,0.0
13,24.0,22,0.0,3.24,0.0061
21,31.0,29,0.0,5.82,0.0013
23,35.0,31,0.0,7.99,0.0
22,31.0,29,0.0,9.85,0.0
26,41.0,31,13.0,8.41,0.0008
20,28.0,22,0.0,3.85,0.0
14,21.0,27,1.6,0.54,0.0143
11,25.0,16,0.0,2.26,0.0
25,36.0,28,0.0,8.26,0.0
25,40.0,28,0.0,9.07,0.0
24,34.0,24,0.0,9.61,0.0009
21,35.0,16,0.0,9.91,0.0007
23,36.0,16,0.0,10.09,0.0
23,37.0,35,0.0,10.03,0.0
25,34.0,29,0.0,9.97,0.0
24,32.0,22,0.0,9.97,0.0
24,37.0,29,0.0,9.85,0.0
26,38.0,26,0.0,10.03,0.0
27,42.0,24,0.0,10.33,0.0
24,32.0,44,16.7999992370605,10.44,0.0
23,30.0,41,1.89999997615814,9.97,0.0
23,31.0,41,0.0,9.85,0.0
22,33.0,31,0.0,9.71,0.0029
23,33.0,28,2.5999999046325697,9.45,0.0
20,34.0,28,0.0,9.45,0.0
23,33.0,31,0.0,9.89,0.0019
22,31.0,29,0.0,9.61,0.0011
11,21.0,34,0.0,2.35,0.0
9,16.0,21,3.8,0.75,0.0005
12,15.0,21,17.5,0.66,0.0104
13,16.0,13,0.0,3.91,0.0
14,24.0,24,0.0,3.04,0.0
19,31.0,28,0.0,7.21,0.0
20,31.0,22,0.0,7.93,0.0
21,29.0,24,0.0,9.61,0.0014
23,32.0,26,0.0,8.59,0.0
23,33.0,27,1.29999995231628,3.55,0.0
14,23.0,34,0.7,0.72,0.0074
14,29.0,22,0.0,1.48,0.0014
25,41.0,29,0.0,9.61,0.0039
26,38.0,31,0.0,10.01,0.0
23,31.0,24,0.0,9.91,0.0
22,32.0,22,5.0,9.63,0.0022
25,34.0,16,5.9,9.45,0.0017
23,36.0,28,0.0,8.95,0.0014
23,35.0,22,0.0,9.61,0.0032
24,41.0,26,0.0,9.85,0.0023
25,36.0,31,0.0,10.15,0.0031
25,34.0,31,0.0,9.85,0.0028
24,34.0,16,0.0,9.45,0.0013
23,37.0,16,0.0,9.37,0.0
23,35.0,28,0.0,9.48,0.0021
23,34.0,28,0.0,9.25,0.001
21,36.0,15,0.0,9.37,0.0018
23,39.0,26,0.0,0.09,0.0
24,32.0,35,0.0,9.1,0.0
22,31.0,31,0.0,8.85,0.0
21,29.0,39,0.0,8.72,0.0009
6,13.0,35,11.3,1.93,0.0013
11,20.0,34,0.0,1.02,0.0
10,14.0,31,30.99999976158142,1.14,0.0008
11,16.0,15,38.1,2.98,0.0
13,32.0,26,0.0,3.91,0.0
21,30.0,44,0.699999988079071,7.39,0.0
22,33.0,24,0.0,8.01,0.0
18,33.0,15,17.0,9.49,0.0135
21,29.0,22,79.2999992370605,7.15,0.0024
20,32.0,27,84.0,3.4,0.0
15,25.0,31,15.5,1.26,0.0
13,28.0,24,0.0,1.56,0.0015
20,30.0,34,0.0,6.63,0.001
22,28.0,39,37.8999997973442,5.95,0.0004
21,28.0,31,28.7,3.55,0.0
19,30.0,22,2.8,3.0,0.0
22,35.0,29,0.0,3.45,0.0
20,36.0,21,0.0,5.53,0.0
22,30.0,26,0.0,5.89,0.0
20,28.0,27,0.0,5.71,0.0
22,31.0,21,6.0,5.4,0.0
22,29.0,26,0.0,3.92,0.0
20,27.0,16,114.3999977111816,4.03,0.0
20,30.0,50,256.1999999284744,4.5,0.0
19,27.0,35,69.10000009536743,2.25,0.0031
18,28.0,27,35.2,3.12,0.0054
18,26.0,27,38.19999985694885,3.45,0.0016
18,26.0,16,99.80000019073486,2.75,0.0
19,24.0,31,63.999999332427976,1.82,0.0022
17,26.0,13,0.0,2.94,0.0021
5,12.0,29,0.0,1.8,0.0012
8,14.0,46,6.9,0.8,0.0005
8,16.0,29,15.2,0.96,0.0606
12,20.0,27,2.3,2.63,0.0
19,35.0,31,0.0,4.1,0.0
22,30.0,41,0.0,7.93,0.0
21,33.0,22,0.0,8.29,0.0
20,37.0,27,5.0,9.61,0.0
21,28.0,35,9.0,7.35,0.0136
22,30.0,28,43.399999737739556,3.18,0.0053
15,25.0,24,25.70000004768372,2.4,0.0017
12,17.0,44,0.0,2.04,0.0018
20,28.0,27,132.099999666214,2.94,0.004
18,25.0,28,87.00000047683716,2.7,0.0054
18,26.0,21,31.59999996423721,2.2,0.0026
18,25.0,27,10.89999985694885,2.63,0.0
16,25.0,28,275.3999996185303,2.76,0.0042
13,19.0,35,166.90000047683714,1.8,0.0017
13,20.0,39,38.199999976158146,1.74,0.0008
15,22.0,29,2.300000011920929,5.49,0.0032
14,23.0,16,0.0,2.63,0.0012
14,23.0,15,6.0,2.88,0.0
13,25.0,26,4.0,3.06,0.0022
14,22.0,15,54.699999570846494,3.0,0.0
14,25.0,34,97.40000019073486,1.86,0.0017
13,19.0,29,39.79999992847443,1.74,0.0017
13,19.0,31,37.60000007152557,1.98,0.0016
12,21.0,24,12.7,2.04,0.0
14,22.0,13,0.0,2.2,0.0
10,25.0,16,0.0,2.15,0.002
14,24.0,26,0.0,2.04,0.002
6,17.0,24,0.0,1.76,0.0
7,13.0,26,87.1999994277954,0.72,0.0005
9,15.0,26,290.5999990463257,1.2,0.0008
9,24.0,15,452.6000022888184,2.94,0.0
19,30.0,28,222.5000003576279,3.97,0.0076
21,28.0,28,24.19999980926514,7.39,0.0
22,35.0,22,37.70000010728836,8.77,0.0
22,35.0,22,20.5,9.85,0.002
21,28.0,28,0.0,6.9,0.0
19,27.0,21,64.30000014305115,2.15,0.0031
14,20.0,34,37.89999977350236,1.92,0.0015
12,15.0,22,5.299999952316281,2.25,0.0
14,23.0,13,0.0,1.08,0.0
13,25.0,27,0.0,1.56,0.0018
12,25.0,15,0.9000000357627869,1.74,0.0009
12,19.0,34,20.0,1.14,0.0
12,20.0,31,0.0,1.44,0.0007
13,21.0,15,0.0,1.5,0.0
14,20.0,16,0.0,1.86,0.0
13,23.0,16,1.5,2.04,0.0
13,22.0,21,8.899999976158139,1.74,0.0
12,20.0,28,7.8,1.56,0.0
11,18.0,34,0.0,1.86,0.0016
11,17.0,26,0.500000014901161,1.98,0.0
13,17.0,11,15.69999992847443,2.04,0.0
12,18.0,22,89.29999977350235,1.92,0.0018
11,20.0,29,34.19999952316281,1.56,0.0
13,26.0,41,0.0,1.98,0.0
10,21.0,31,0.0,1.86,0.0
17,27.0,31,0.0,2.2,0.0
9,14.0,22,1.60000002384186,1.42,0.001
4,11.0,35,0.0,0.85,0.0
10,15.0,27,45.600000381469734,1.42,0.001
14,20.0,16,42.30000011920929,2.88,0.0
14,26.0,24,0.0,4.03,0.0
20,28.0,29,0.0,5.2,0.0004
21,36.0,26,0.0,8.17,0.0
20,37.0,22,0.0,9.45,0.0043
18,29.0,16,0.0,6.82,0.009000000000000001
21,33.0,31,0.0,2.76,0.0
12,21.0,28,0.3,1.21,0.0011
10,18.0,22,0.0,2.15,0.0018
10,17.0,29,0.0,2.4,0.002
10,16.0,31,4.300000011920929,1.86,0.0
7,11.0,24,7.999999988079071,1.62,0.0
5,10.0,31,52.49999988079071,1.2,0.0
4,14.0,24,30.999999904632567,0.9,0.0005
7,18.0,24,3.5,1.08,0.0
5,25.0,16,0.0,1.02,0.0
10,19.0,26,0.0,1.19,0.0012
10,20.0,28,0.0,1.26,0.0
10,22.0,28,0.0,1.56,0.0
15,24.0,26,0.0,1.44,0.0
11,16.0,48,0.0,1.74,0.0023
9,14.0,34,0.0,1.68,0.0017
8,13.0,31,0.0,1.38,0.0
7,15.0,26,2.0,1.26,0.0
7,16.0,15,0.0,1.32,0.0018
4,16.0,16,0.0,1.74,0.0
3,17.0,21,0.0,1.98,0.002
5,18.0,24,0.0,1.74,0.0
11,17.0,22,0.0,1.68,0.0018
10,15.0,29,16.5,0.24,0.0161
6,14.0,27,5.5,0.66,0.0288
13,21.0,24,0.0,2.4,0.0016
16,25.0,28,0.0,2.5,0.0097
17,24.0,28,9.9,3.65,0.0
23,32.0,34,0.0,8.53,0.0
21,31.0,22,0.0,9.0,0.0
26,37.0,24,0.0,8.77,0.0
18,29.0,27,0.0,3.4,0.0
18,20.0,22,108.20000002384185,0.0,1.022
10,20.0,11,148.90000057220456,1.24,0.0009
11,17.0,21,58.4,0.54,0.0078
9,18.0,27,0.6,0.78,0.0009
6,20.0,22,0.0,1.8,0.0015
9,18.0,13,0.0,1.2,0.0
7,17.0,11,0.0,1.32,0.0015
9,16.0,13,0.0,1.38,0.0
10,17.0,9,0.0,1.26,0.0015
10,15.0,21,0.0,1.44,0.0
8,16.0,35,0.0,1.32,0.0015
7,13.0,34,0.0,1.26,0.0
5,14.0,21,0.0,1.4,0.0015
8,15.0,16,0.0,1.62,0.0
8,12.0,13,3.2,1.56,0.0
6,16.0,26,55.699999713897704,0.78,0.0164
12,16.0,21,25.000000005960466,0.44,0.0
10,19.0,24,18.3,0.98,0.0005
8,21.0,21,0.0,1.08,0.0011
10,18.0,13,0.0,1.28,0.0011
10,13.0,16,52.0,0.5,0.0008
10,16.0,24,101.0,1.74,0.0
10,15.0,24,136.39999980926513,0.43,0.0002
8,15.0,34,229.09999980926509,0.96,0.001
11,22.0,27,35.90000009536743,2.25,0.0
16,31.0,42,0.0,2.94,0.0019
16,24.0,26,0.0,3.85,0.0
22,33.0,28,0.0,8.01,0.0032
19,31.0,22,0.0,9.61,0.0
26,42.0,31,0.0,9.0,0.0
18,29.0,21,0.0,3.18,0.0011
17,23.0,9,26.6,0.0,0.5987
9,21.0,22,0.0,1.26,0.0009
4,17.0,15,0.0,1.6,0.0
4,17.0,13,0.0,1.8,0.0
5,18.0,22,0.0,1.56,0.0
9,20.0,22,0.0,1.32,0.0
7,20.0,29,223.7999992370605,1.5,0.0
9,15.0,39,306.19999961853017,0.94,0.0409
11,17.0,39,24.30000009536743,0.82,0.0009
8,19.0,26,2.0,1.32,0.0011
11,16.0,31,0.400000005960465,1.08,0.001
10,15.0,37,44.499999809265134,0.94,0.0009
9,14.0,44,111.99999952316287,1.32,0.0
8,14.0,37,61.20000019073486,0.6,0.0008
7,14.0,39,0.0,0.94,0.0009
7,9.0,28,43.3999996185303,0.82,0.0009
5,16.0,15,172.99999942779536,0.24,0.0166
8,13.0,21,209.7000002861023,0.6,0.0308
9,15.0,28,39.9,1.5,0.0017
10,14.0,28,16.7,0.28,0.0071
6,15.0,16,54.80000019073486,1.14,0.0
9,25.0,15,99.80000019073486,2.7,0.0
16,24.0,35,73.5,3.3,0.0
18,24.0,24,0.0,3.91,0.0
20,33.0,27,0.0,7.53,0.003
21,34.0,27,0.0,10.01,0.0
25,35.0,39,0.0,9.14,0.0033
19,29.0,28,0.0,3.0,0.001
16,23.0,22,0.0,0.42,0.2053
12,21.0,27,32.0,1.56,0.0011
12,23.0,29,1.4,2.7,0.0018
12,21.0,26,0.0,2.15,0.0
12,23.0,35,0.0,1.74,0.0
12,20.0,34,22.90000014305115,2.04,0.0016
10,22.0,29,31.49999990463257,1.8,0.0
12,19.0,35,0.0,1.94,0.0
13,19.0,31,1.5,1.74,0.0013
11,18.0,28,5.700000047683719,1.56,0.0012
10,17.0,22,49.20000019073486,1.32,0.0
7,17.0,27,0.0,1.5,0.0011
7,18.0,27,0.0,1.8,0.0
8,18.0,27,0.0,1.74,0.0013
8,21.0,22,0.0,2.04,0.0
12,24.0,27,0.0,1.92,0.0015
10,25.0,16,0.0,2.15,0.0
12,22.0,31,9.199999988079071,2.25,0.0
12,21.0,22,0.2,2.04,0.0015
11,20.0,21,72.19999980926514,2.54,0.0
13,19.0,31,160.29999904632564,2.15,0.0015
9,16.0,27,0.0,1.4,0.0
9,15.0,31,4.2,0.42,0.0072
10,12.0,22,0.3,0.94,0.001
10,27.0,9,0.0,2.94,0.0
16,25.0,31,0.0,3.15,0.0019
18,26.0,27,0.0,4.55,0.0
21,38.0,31,0.0,7.87,0.0
24,39.0,31,0.0,9.87,0.0
24,32.0,31,0.0,8.42,0.0
18,28.0,22,0.0,2.92,0.0
18,24.0,24,0.0,1.4,0.076
11,20.0,16,2.0,1.64,0.0011
14,22.0,42,0.0,3.18,0.0
12,22.0,26,4.0,3.4,0.0
12,21.0,28,13.00000004768372,3.24,0.0
13,20.0,35,26.5,3.06,0.002
11,20.0,28,50.50000014305115,3.4,0.0
11,21.0,27,0.0,3.36,0.0
15,24.0,29,185.8000011444092,3.55,0.0
14,20.0,21,204.0999992370605,2.04,0.0014
15,20.0,28,12.0,2.15,0.0014
16,23.0,31,61.70000000298023,2.94,0.0
16,20.0,26,103.5999997258186,2.2,0.0014
16,22.0,31,3.2000000476837203,3.06,0.0
17,21.0,21,155.0,3.3,0.0
15,20.0,29,171.19999926090236,0.0,0.0164
15,21.0,28,55.09999990463257,1.8,0.0013
14,25.0,21,5.59999990463257,2.04,0.0014
14,27.0,34,21.19999980926514,3.06,0.0
17,25.0,29,64.29999943077564,3.18,0.0
7,17.0,16,0.0,1.26,0.0017
7,16.0,22,8.300000190734862,0.94,0.0
9,16.0,29,13.0,0.42,0.0147
14,25.0,34,0.0,3.0,0.0019
14,25.0,28,0.0,3.5,0.0
18,28.0,22,0.0,4.63,0.0033
24,33.0,34,0.0,7.31,0.0
23,33.0,24,3.5,10.27,0.0
24,31.0,29,23.100000023841858,8.28,0.0
19,28.0,27,0.0,2.88,0.001
16,26.0,42,0.0,3.45,0.0524
10,20.0,26,0.0,1.69,0.0012
13,30.0,29,0.0,5.15,0.0
16,32.0,29,0.0,5.03,0.0
16,29.0,42,0.0,5.41,0.0
16,24.0,31,0.0,5.53,0.0
14,24.0,21,0.0,5.44,0.0
13,26.0,24,0.0,5.77,0.0
17,26.0,22,0.0,5.65,0.0
18,25.0,28,12.5,5.57,0.0
16,18.0,28,100.60000005960464,4.21,0.0153
16,19.0,31,130.6999995708465,2.7,0.0
17,22.0,24,221.49999980926512,0.94,0.0124
18,25.0,24,3.6,1.2,0.0065
18,25.0,28,0.0,2.63,0.0
16,28.0,21,0.0,3.5,0.0024
17,30.0,22,0.0,3.62,0.0
19,30.0,21,0.0,5.41,0.0
17,26.0,28,3.0,5.57,0.0
14,27.0,21,0.0,5.77,0.0
20,29.0,29,124.19999980926511,6.01,0.0
7,20.0,13,21.0,1.74,0.0
8,17.0,26,0.0,1.12,0.0
7,18.0,15,15.0,1.2,0.0011
13,20.0,34,3.0,3.4,0.0
13,25.0,26,5.600000023841858,3.62,0.0022
20,28.0,28,20.1,4.82,0.0
22,32.0,29,16.40000009536743,7.86,0.0
20,33.0,22,10.20000004768372,10.15,0.0
24,33.0,28,20.0,8.4,0.0
18,28.0,16,35.5,2.7,0.0
13,22.0,29,138.4999990463256,1.74,0.0312
11,17.0,22,0.0,1.74,0.0012
17,29.0,21,0.0,4.5,0.0
17,30.0,29,0.0,4.96,0.0
19,29.0,29,0.0,5.53,0.0
18,28.0,27,0.0,5.83,0.0
18,32.0,28,0.0,5.89,0.0
24,34.0,31,0.0,6.01,0.0
22,31.0,34,0.0,6.15,0.0
20,30.0,28,0.0,5.92,0.0
17,29.0,21,0.0,6.01,0.0
18,35.0,29,0.0,6.8,0.0
19,37.0,16,0.0,7.27,0.0
22,34.0,31,0.0,8.2,0.0
22,30.0,34,0.0,8.01,0.0
20,29.0,26,0.0,7.8,0.0
19,31.0,27,0.0,7.53,0.0
18,36.0,27,0.0,7.53,0.0
20,36.0,21,0.0,8.2,0.0
20,34.0,46,15.0,8.01,0.0
5,22.0,16,0.0,2.04,0.0
7,16.0,27,0.0,1.08,0.0006
6,17.0,27,0.0,1.2,0.0011
10,23.0,24,0.0,3.2,0.0021
17,26.0,31,0.0,3.79,0.0
20,27.0,29,0.0,4.89,0.0
19,35.0,21,0.0,8.01,0.0
25,38.0,16,0.0,10.51,0.0
22,30.0,35,0.0,8.0,0.0
19,29.0,28,0.0,2.88,0.001
14,24.0,24,0.0,1.92,0.0113
13,19.0,31,0.0,2.4,0.0017
26,41.0,26,0.0,9.2,0.0
25,33.0,26,0.0,10.03,0.0002
24,34.0,31,0.0,9.4,0.0001
23,33.0,24,0.0,8.2,0.0
22,37.0,27,0.0,9.37,0.0187
24,33.0,26,0.0,9.67,0.0
24,34.0,31,0.0,10.03,0.004
23,31.0,34,0.0,10.21,0.0
22,31.0,22,0.0,9.8,0.0
24,35.0,29,0.0,9.37,0.0
24,32.0,37,0.0,9.61,0.0
22,32.0,34,0.0,9.07,0.0
22,32.0,35,0.0,9.19,0.0
21,32.0,26,0.0,8.95,0.0
23,37.0,31,0.0,9.61,0.0038
24,34.0,31,0.0,9.8,0.0
22,32.0,28,0.0,9.61,0.0038
22,31.0,24,0.0,9.37,0.0
22,31.0,28,0.0,9.4,0.0037
9,23.0,27,0.0,1.56,0.023
9,13.0,13,0.0,1.2,0.0006
7,12.0,21,0.0,2.65,0.0
12,27.0,21,0.0,3.72,0.0
17,25.0,24,0.0,3.6,0.0022
18,28.0,34,3.1,4.69,0.0
24,38.0,35,0.0,7.87,0.0
25,39.0,27,0.0,10.69,0.0
23,32.0,37,0.0,7.5,0.0027
17,25.0,31,19.6,1.68,0.0006
14,25.0,15,0.0,1.68,0.0012
12,20.0,24,0.2,0.56,0.0004
19,34.0,22,0.0,10.01,0.0
19,38.0,31,0.0,9.51,0.0
23,33.0,28,0.0,10.15,0.0
23,33.0,22,5.0,9.51,0.0
22,34.0,22,0.0,9.25,0.0
24,36.0,29,0.0,8.89,0.0
25,38.0,34,0.0,9.0,0.0
23,37.0,21,0.0,9.25,0.0
21,34.0,21,0.0,8.83,0.0
23,36.0,21,0.0,8.95,0.0
24,37.0,28,0.0,9.0,0.0
24,37.0,24,0.0,9.07,0.0
22,36.0,21,0.0,8.71,0.0
21,39.0,27,0.0,8.76,0.0
25,35.0,34,0.0,8.21,0.0
23,31.0,29,0.0,9.0,0.0
21,31.0,29,0.0,8.83,0.0
21,36.0,22,0.0,8.14,0.003
21,35.0,21,0.0,8.35,0.0
9,20.0,16,0.0,1.86,0.0019
11,15.0,22,0.0,1.36,0.0
4,16.0,29,2.0,1.56,0.0
11,29.0,24,0.0,3.63,0.0
15,23.0,34,2.8,3.6,0.0
19,29.0,31,0.0,4.63,0.0
24,36.0,26,0.0,8.01,0.0
23,31.0,41,10.0,10.45,0.0
22,33.0,24,8.0,7.2,0.0
15,21.0,37,4.5,2.04,0.0007
12,23.0,21,35.8000001907349,1.98,0.0014
11,21.0,13,103.5,0.74,0.0005
22,31.0,21,0.0,6.19,0.0
21,33.0,24,12.5,5.98,0.0
22,31.0,22,0.0,5.8,0.0
21,32.0,27,0.0,5.63,0.0
21,34.0,21,0.0,5.5,0.0
21,33.0,24,0.0,7.2,0.0
20,27.0,37,0.30000001192092896,8.73,0.0
19,27.0,39,0.30000001192092896,5.15,0.0018
20,29.0,26,0.0,4.8,0.0
17,30.0,15,0.0,4.5,0.0016
17,30.0,21,0.0,4.77,0.0
18,29.0,24,0.8999999761581421,3.06,0.0011
20,30.0,34,6.399999916553499,3.5,0.0
19,28.0,21,5.0,3.12,0.0011
21,29.0,29,22.80000019073486,4.75,0.0
21,27.0,21,41.100000095367434,3.8,0.0013
20,28.0,27,24.5,3.57,0.0
18,29.0,16,3.0,3.6,0.0013
9,20.0,13,50.0,2.04,0.002
8,16.0,15,0.0,1.3,0.0011
9,18.0,27,0.0,1.74,0.0
12,27.0,26,0.0,3.85,0.0
15,22.0,28,0.0,3.4,0.0
14,30.0,26,0.0,4.5,0.0
24,40.0,27,38.90000009536743,8.2,0.0
22,29.0,39,103.00000002980232,9.87,0.0
21,33.0,24,52.299999713897726,6.4,0.0023
15,23.0,31,72.8,1.56,0.0005
14,22.0,22,0.0,1.86,0.0013
8,19.0,27,0.0,1.84,0.0013
16,31.0,24,0.0,3.61,0.0
20,27.0,31,55.199999809265165,3.55,0.0
16,20.0,28,322.60000038146967,1.56,0.0005
15,22.0,26,246.2,0.9,0.0003
14,22.0,27,20.5,1.7,0.0006
13,23.0,16,0.0,1.92,0.0007
16,27.0,21,0.0,1.98,0.0
14,28.0,21,90.5,2.25,0.0008
16,24.0,15,39.900000143051145,2.04,0.0007
14,24.0,27,0.0,1.98,0.0
16,27.0,16,0.0,2.15,0.0
16,27.0,29,0.0,2.25,0.0008
17,27.0,24,3.4999999999999982,2.1,0.0
15,24.0,24,9.199999952316281,2.52,0.0009
15,27.0,21,0.0,2.04,0.0
20,27.0,26,0.0,2.49,0.0009
20,24.0,31,274.3999996185303,3.18,0.0
15,21.0,34,1286.599998474121,1.26,0.0004
16,24.0,22,1307.0,0.0,1.9876
10,17.0,28,613.2999985218048,2.15,0.0
5,18.0,16,182.0000007152558,1.44,0.0
6,18.0,28,43.0,2.04,0.0
15,22.0,29,0.0,4.03,0.0
14,23.0,27,0.0,3.79,0.0
18,29.0,29,8.9,3.5,0.0
26,42.0,13,0.0,8.01,0.0
20,30.0,22,0.0,9.25,0.0
24,33.0,22,0.0,7.81,0.0
18,29.0,29,6.90000009536743,2.95,0.0
14,23.0,13,25.69999990463257,1.74,0.0112
8,18.0,15,2.5,1.08,0.0008
12,22.0,27,0.7,1.92,0.0013
10,21.0,9,0.0,0.98,0.0187
14,21.0,21,5.200000002980232,2.18,0.0015
15,19.0,27,27.70000004768372,1.8,0.0012
14,20.0,16,95.90000020265579,1.86,0.0013
16,21.0,27,55.39999971389771,1.74,0.0212
14,20.0,16,50.49999995231629,1.56,0.0011
11,23.0,27,0.0,1.94,0.0013
17,21.0,29,0.0,1.74,0.0012
14,23.0,21,0.6,1.86,0.0013
14,21.0,24,0.0,1.74,0.0012
15,21.0,21,1.20000004768372,1.92,0.0013
13,22.0,15,10.99999980926514,1.86,0.0013
12,22.0,15,1.29999995231628,1.94,0.0013
11,21.0,27,0.0,1.86,0.0013
17,20.0,28,40.3,1.59,0.0011
14,18.0,22,179.0,1.53,0.0011
14,20.0,16,177.7999992370605,0.94,0.0007
11,15.0,28,0.0,1.74,0.0018
5,18.0,13,0.0,1.38,0.0012
12,17.0,41,0.0,3.12,0.0
14,23.0,24,0.0,3.55,0.0022
12,26.0,27,0.0,3.92,0.0
19,29.0,31,0.6000000089406969,4.63,0.0
26,40.0,16,0.8999999761581421,8.37,0.0
18,32.0,21,0.0,9.0,0.0
24,33.0,24,8.2,6.43,0.0
18,30.0,27,0.0,2.49,0.0009
12,22.0,16,0.0,2.04,0.0014
8,20.0,22,0.0,1.26,0.0009
11,19.0,27,0.0,1.56,0.0
9,20.0,16,0.0,1.38,0.001
10,20.0,26,0.0,1.5,0.001
11,20.0,24,12.300000011920929,1.74,0.0
11,17.0,28,49.200000286102295,1.62,0.0011
8,13.0,31,71.89999978542328,1.26,0.0009
6,12.0,34,168.7000001430511,1.38,0.001
8,15.0,26,206.40000114440923,0.6,0.0004
10,16.0,37,112.40000038743017,0.48,0.0003
11,17.0,24,8.400000023841859,0.92,0.0006
10,17.0,26,0.0,1.04,0.0007
11,19.0,35,3.5,1.14,0.0008
11,16.0,35,15.00000023841862,1.04,0.0007
10,15.0,26,125.7,0.84,0.0006
9,14.0,26,283.49999980926515,0.56,0.0011
7,15.0,15,275.9000007629395,0.22,0.0302
5,16.0,21,48.0,0.56,0.0004
11,15.0,44,95.40000004768372,0.92,0.0006
12,15.0,44,73.3,0.56,0.0004
12,17.0,24,39.69999995231628,0.24,0.0802
8,14.0,24,11.39999997615814,0.54,0.0004
8,18.0,22,16.5,1.54,0.0012
10,25.0,15,8.20000004768372,2.44,0.0056
14,23.0,26,6.899999976158142,3.35,0.0
16,32.0,27,9.79999995231628,6.91,0.0
25,37.0,26,6.0,8.71,0.0034
21,37.0,21,10.600000023841858,9.97,0.0
22,29.0,22,20.5999999165535,7.93,0.0
22,30.0,28,30.59999990463256,5.59,0.0
15,25.0,21,9.4,1.5,0.0
6,18.0,16,0.0,2.15,0.0017
6,18.0,15,0.0,1.04,0.0007
8,15.0,27,0.0,1.08,0.0008
10,17.0,22,2.7000000059604647,0.92,0.0007
9,16.0,13,16.999999904632567,1.14,0.0008
9,13.0,16,30.29999995231629,1.3,0.0009
8,14.0,21,82.50000004768371,1.18,0.0008
8,15.0,13,0.0,1.24,0.0009
7,16.0,28,6.0,1.26,0.0009
11,18.0,41,0.0,1.56,0.0011
12,18.0,31,1.0,1.3,0.0
12,18.0,24,18.09999990463256,1.2,0.0008
12,16.0,41,11.300000023841859,1.56,0.0011
11,15.0,31,17.30000004768371,1.24,0.0
9,17.0,11,17.80000001192093,1.14,0.0067
7,17.0,21,0.0,1.56,0.0
10,16.0,16,0.699999988079071,1.74,0.0043
9,17.0,13,8.899999976158142,1.68,0.0
9,12.0,26,192.79999941587442,1.8,0.0042
8,13.0,16,287.59999990463257,0.0,0.04
10,19.0,13,16.799999952316288,0.74,0.0205
6,19.0,21,0.0,0.48,0.0003
8,20.0,11,20.59999990463257,1.64,0.0012
14,24.0,31,27.19999957084655,2.63,0.0058
10,23.0,27,10.399999976158142,3.5,0.0083
17,34.0,29,71.5,6.67,0.0018
24,35.0,29,160.90000009536746,8.59,0.0033
21,38.0,22,86.69999980926514,10.37,0.0
17,23.0,29,12.1,4.7,0.0074
20,29.0,27,5.89999997615814,5.2,0.0
16,26.0,22,1.500000059604649,1.92,0.0
9,17.0,24,4.20000004768372,2.04,0.0016
1,12.0,21,2.80000001192093,0.72,0.0005
4,10.0,29,17.900000005960464,0.9,0.0006
4,13.0,31,31.100000083446503,0.84,0.0006
7,14.0,35,40.79999976158141,1.12,0.0008
9,15.0,27,26.699999928474426,1.08,0.0008
7,17.0,15,12.60000004768372,1.12,0.0008
6,18.0,16,0.0,1.36,0.001
10,17.0,15,6.0,1.24,0.0009
9,14.0,29,206.5000007152558,1.12,0.0008
9,14.0,41,499.1999994277954,0.48,0.0204
11,16.0,29,133.8999992847442,0.18,0.3411
10,17.0,27,22.3,0.24,0.0332
7,17.0,16,0.0,0.8,0.0226
8,16.0,31,0.0,1.12,0.0888
9,16.0,35,0.0,1.08,0.0823
6,17.0,11,0.0,1.56,0.0252
5,19.0,27,0.0,1.64,0.0012
11,16.0,37,0.0,1.04,0.0107
8,16.0,34,0.0,0.64,0.0005
9,20.0,28,0.0,1.8,0.0014
15,21.0,21,3.3999999761581403,2.5,0.0024
12,24.0,16,19.899999976158146,4.9,0.0094
22,34.0,34,12.70000004768372,6.37,0.0
23,32.0,22,64.09999990463257,7.15,0.0042
24,40.0,24,88.60000038146973,10.63,0.0007
16,28.0,29,195.0,2.3,0.0019
18,29.0,21,352.59999990463257,5.03,0.0
15,27.0,22,144.2999997138977,2.04,0.0
10,17.0,41,34.200000047683716,1.8,0.0
11,18.0,37,0.0,0.74,0.0247
10,20.0,27,2.0,1.08,0.001
8,19.0,15,0.0,1.26,0.0132
6,21.0,27,5.0,1.5,0.0014
8,25.0,21,0.0,1.8,0.0017
11,26.0,27,0.0,1.92,0.0018
10,22.0,21,0.0,2.04,0.0019
11,21.0,28,0.0,2.1,0.002
14,20.0,29,0.0,2.25,0.0057
12,19.0,28,0.0,2.18,0.0021
9,21.0,26,0.0,2.8,0.0026
11,21.0,27,0.0,2.42,0.0023
12,19.0,29,0.0,2.2,0.0
12,19.0,21,0.0,2.1,0.002
12,22.0,15,0.0,2.36,0.0022
7,22.0,15,0.0,2.44,0.0056
6,23.0,16,0.0,2.56,0.0024
13,17.0,21,0.0,2.15,0.0
11,23.0,16,0.0,2.25,0.0054
11,17.0,37,13.3,0.92,0.0207
5,10.0,26,4.6,0.3,0.0002
11,18.0,26,0.0,1.74,0.0013
13,21.0,27,0.0,2.63,0.0059
14,27.0,29,26.700000047683712,3.97,0.01
20,31.0,31,37.700000286102295,6.76,0.0004
24,30.0,22,38.799999952316284,7.33,0.0038
25,41.0,28,0.0,10.56,0.0
19,31.0,29,0.0,5.96,0.0
22,32.0,16,0.0,4.93,0.0
19,31.0,16,10.5,2.03,0.0
11,19.0,29,35.000000286102285,1.7,0.0014
14,20.0,39,46.7,1.8,0.0017
14,21.0,42,28.5,1.8,0.006999999999999999
12,21.0,26,133.4000003814697,1.92,0.0018
11,17.0,31,195.50000060796742,1.63,0.0375
10,17.0,34,57.89999995231629,1.56,0.0375
9,22.0,28,57.00000009536743,1.44,0.0254
12,22.0,29,0.0,1.74,0.0342
12,22.0,34,2.1,2.15,0.002
10,25.0,22,0.0,2.3,0.0065
12,27.0,16,3.7999999523162797,2.42,0.0023
15,23.0,27,8.00000004768372,2.56,0.0064
13,26.0,24,0.0,3.63,0.0034
16,25.0,29,0.0,3.55,0.009000000000000001
16,32.0,28,0.0,3.15,0.0104
13,28.0,26,0.0,3.15,0.0083
13,28.0,28,0.0,4.03,0.0
18,23.0,26,0.0,3.92,0.0093
16,26.0,26,0.0,3.1,0.0075
12,16.0,42,0.0,0.84,0.0
4,11.0,26,0.7,0.42,0.0003
11,16.0,31,6.0,1.64,0.0012
13,22.0,27,38.59999957084655,2.15,0.002
16,28.0,24,39.69999980926514,3.24,0.008
20,29.0,34,0.0,6.5,0.0
23,33.0,22,0.0,7.51,0.0019
24,42.0,26,0.0,10.51,0.0211
21,33.0,24,0.0,5.73,0.0
21,32.0,27,0.0,4.96,0.0
21,30.0,37,0.0,3.0,0.0
10,16.0,39,2.3,1.56,0.0012
17,31.0,41,0.699999988079071,4.56,0.0
17,27.0,29,0.0,4.28,0.0101
16,26.0,26,7.5,4.03,0.0
16,25.0,35,0.5,4.5,0.0104
15,24.0,28,0.0,4.42,0.0
12,25.0,31,0.0,4.72,0.0115
18,28.0,31,0.699999988079071,4.5,0.0
17,25.0,28,3.5999999046325697,5.03,0.0005
16,25.0,44,7.3,4.09,0.0
15,25.0,37,0.0,4.42,0.0114
17,22.0,34,0.0,4.74,0.0
16,27.0,29,0.0,4.6,0.0
17,27.0,27,0.0,4.4,0.0
16,28.0,22,0.0,5.1,0.0
16,28.0,27,0.0,5.56,0.0003
16,34.0,22,0.0,6.28,0.0008
18,26.0,22,0.0,5.3,0.0
18,27.0,21,0.0,5.47,0.0
16,30.0,21,0.0,6.61,0.0
10,16.0,63,0.0,1.56,0.0311
4,10.0,37,0.3,0.24,0.0002
9,15.0,28,3.0,1.8,0.0014
13,23.0,22,4.3,2.36,0.0022
18,29.0,35,0.0,3.85,0.0
16,31.0,27,0.0,6.65,0.0
23,36.0,26,0.0,7.63,0.0022
27,38.0,24,0.0,11.35,0.0
22,31.0,22,0.0,6.62,0.0013
22,33.0,16,0.0,4.82,0.0
18,24.0,27,0.0,2.92,0.0
9,16.0,34,3.2,1.36,0.0011
20,28.0,24,0.0,6.72,0.0
19,33.0,26,0.0,6.6,0.0
21,34.0,29,0.0,6.97,0.0
22,34.0,24,0.0,7.25,0.0
22,31.0,27,0.0,7.63,0.0
19,35.0,21,0.0,7.81,0.0
20,37.0,22,0.0,8.4,0.0
21,38.0,27,0.0,8.23,0.0
23,35.0,28,0.0,8.25,0.0
23,37.0,28,0.0,7.81,0.019
20,34.0,27,0.0,8.66,0.0
21,34.0,24,0.0,8.01,0.0
23,35.0,34,0.0,8.23,0.0
25,34.0,44,0.0,7.92,0.0
24,35.0,28,0.0,8.11,0.0
21,36.0,21,0.0,8.01,0.0
22,37.0,21,0.0,8.23,0.0
23,37.0,21,0.0,8.95,0.0034
10,15.0,37,0.6,1.44,0.001
4,8.0,34,5.8,0.36,0.0003
9,14.0,24,1.4,1.74,0.0013
14,20.0,29,7.3,1.56,0.0015
16,24.0,24,0.0,4.03,0.0068
19,34.0,31,0.0,6.97,0.0
22,37.0,21,0.0,8.15,0.0034
26,37.0,28,0.0,11.77,0.0
21,31.0,27,0.0,4.56,0.0
20,33.0,21,0.0,4.96,0.0
16,21.0,24,1.8,2.68,0.0
9,16.0,27,2.8,1.08,0.0009
25,35.0,26,0.0,9.72,0.0045
20,40.0,26,0.0,10.03,0.0026
25,36.0,31,0.0,9.91,0.0039
24,32.0,41,0.0,9.76,0.003
22,31.0,37,0.0,8.95,0.0031
23,34.0,31,0.0,8.81,0.0022
21,35.0,21,0.0,8.61,0.0013
22,39.0,28,0.0,9.81,0.003
24,38.0,28,0.0,10.51,0.0045
24,31.0,34,0.0,10.2,0.0044
20,29.0,35,56.90000057220456,9.73,0.0044
21,31.0,28,181.1,4.03,0.0096
20,32.0,22,0.0,6.8,0.0
21,34.0,21,0.0,7.63,0.0
21,37.0,21,0.0,7.63,0.0
24,40.0,22,0.0,9.73,0.0
26,36.0,28,0.0,10.03,0.0
24,35.0,26,0.0,10.15,0.0
24,37.0,28,0.0,10.21,0.0
11,17.0,37,0.0,1.5,0.0011
4,12.0,26,8.5,0.24,0.0002
8,16.0,31,9.2,0.65,0.0005
12,19.0,39,0.0,2.63,0.0025
14,24.0,22,0.0,3.67,0.0
21,37.0,37,0.0,7.7,0.0
25,40.0,31,0.0,8.81,0.0048
24,38.0,16,0.0,10.27,0.0
20,33.0,22,0.0,6.03,0.0
23,30.0,31,0.0,4.69,0.0
13,22.0,16,0.0,2.4,0.0
8,15.0,35,3.0,1.02,0.0008
25,40.0,22,0.0,10.21,0.0
24,37.0,29,0.0,10.33,0.0
24,34.0,16,0.0,10.51,0.0
22,39.0,22,0.0,10.27,0.0
22,36.0,24,0.0,10.33,0.0
24,32.0,24,0.0,10.37,0.0
23,36.0,27,0.0,10.39,0.0
22,37.0,21,0.0,10.33,0.0
23,36.0,27,0.0,10.51,0.0
22,37.0,27,0.0,9.92,0.0
22,38.0,26,0.0,9.85,0.0
28,39.0,31,0.0,9.73,0.0
27,40.0,24,0.0,9.97,0.0
26,36.0,31,0.0,10.15,0.0
24,33.0,29,0.0,10.21,0.0
22,32.0,21,0.0,8.77,0.0
20,35.0,27,0.0,9.37,0.0
20,36.0,21,4.0,9.33,0.0
22,34.0,29,18.90000009536743,9.49,0.0
9,16.0,31,31.5,1.04,0.0007
5,14.0,24,95.8999996185303,0.44,0.0003
10,15.0,31,241.1,1.08,0.0008
12,19.0,34,0.0,2.88,0.0027
12,26.0,27,0.0,4.21,0.0
22,28.0,27,0.0,7.33,0.0
26,39.0,21,0.0,8.95,0.0033
25,38.0,29,0.0,10.45,0.0
22,33.0,22,0.0,7.87,0.0
21,33.0,26,0.0,4.83,0.0
13,26.0,16,4.5,2.92,0.0
8,14.0,39,2.5,1.14,0.0009
18,28.0,31,78.99999999999997,6.03,0.0
16,26.0,41,168.40000020265578,1.26,0.0
18,28.0,35,24.89999998807907,1.92,0.0016
20,29.0,22,0.7,5.15,0.0
19,30.0,16,0.0,5.47,0.0077
20,32.0,21,0.0,5.25,0.0
21,34.0,22,0.0,6.92,0.0
20,32.0,26,0.0,5.56,0.0
19,32.0,27,0.0,6.03,0.0
21,36.0,22,0.0,7.63,0.0
23,41.0,15,0.0,8.21,0.0
26,39.0,31,0.0,8.72,0.0
22,31.0,26,0.0,8.63,0.0
22,34.0,21,0.0,7.51,0.0
25,33.0,28,0.0,6.92,0.0
25,34.0,31,0.0,6.03,0.0
23,31.0,28,0.0,6.31,0.0
22,29.0,21,0.0,5.73,0.0
6,16.0,27,2.3,1.14,0.0008
8,13.0,31,0.7,0.36,0.0003
12,14.0,44,35.5,0.74,0.0726
8,24.0,29,0.0,2.76,0.0074
14,25.0,27,0.0,4.33,0.0108
20,31.0,29,0.0,6.97,0.0
25,41.0,16,0.0,9.19,0.0155
23,38.0,34,0.0,10.21,0.0
24,32.0,27,0.0,7.63,0.0
20,32.0,21,0.0,4.82,0.0
15,26.0,26,0.0,3.18,0.0
8,16.0,26,198.2,1.56,0.0012
18,26.0,26,426.6000007629395,2.15,0.0017
18,24.0,13,259.5000005722046,1.38,0.0231
17,24.0,22,171.99999923706048,1.18,0.0449
15,24.0,22,189.3000001907348,0.9,0.0556
14,26.0,21,113.7999992370605,1.38,0.0011
15,29.0,24,10.0,1.86,0.0015
22,30.0,22,0.0,1.82,0.0015
23,30.0,28,0.0,3.12,0.0
23,30.0,22,0.0,3.61,0.006
21,28.0,27,5.0,3.5,0.0
20,25.0,27,4.600000071525578,3.14,0.0
18,24.0,15,15.39999961853027,3.55,0.0
17,26.0,15,43.499999856948854,1.94,0.0015
18,27.0,22,23.50000009536744,1.86,0.0015
19,28.0,35,0.0,2.04,0.0016
13,18.0,24,22.59999971389771,1.8,0.0014
12,19.0,29,5.79999995231628,1.92,0.0015
12,23.0,28,6.000000059604648,1.86,0.0015
16,21.0,34,7.5,2.04,0.0016
9,16.0,21,8.0,1.2,0.0008
7,10.0,27,1.0,0.64,0.0005
10,14.0,37,15.0,0.36,1.6503
15,23.0,35,0.0,2.96,0.0028
15,27.0,27,0.0,4.27,0.0
19,35.0,22,4.899999976158142,7.2,0.0
26,42.0,21,19.89999985694886,9.22,0.0051
25,36.0,34,0.0,10.56,0.0
25,31.0,15,0.0,7.63,0.0
19,30.0,13,0.0,4.92,0.0
19,26.0,26,0.0,2.24,0.0
-2,11.0,22,0.0,1.74,0.0014
18,25.0,34,232.0,3.24,0.0
17,22.0,31,480.300001525879,1.54,0.0
16,23.0,29,444.09999833106997,0.36,0.1541
16,22.0,27,126.10000021457672,0.72,0.0335
15,22.0,21,99.60000019073486,0.78,0.1349
15,24.0,16,15.0,1.56,0.0127
13,21.0,24,0.0,1.56,0.0147
15,20.0,29,35.5,1.74,0.0014
14,21.0,22,3.0,1.54,0.0012
11,22.0,11,0.0,1.86,0.0015
10,23.0,13,0.0,2.0,0.0016
11,22.0,11,0.0,2.04,0.0
9,23.0,9,0.0,2.15,0.0017
10,24.0,16,0.0,2.16,0.0017
14,25.0,29,0.9000000059604649,2.04,0.0016
11,19.0,31,0.0,1.86,0.0015
10,18.0,34,0.0,2.4,0.0
8,17.0,24,0.0,2.25,0.0
7,17.0,16,0.0,1.3,0.0009
4,10.0,28,0.5,0.42,0.0003
9,18.0,35,7.9,0.36,0.3188
12,23.0,28,12.100000023841861,2.96,0.0028
15,28.0,21,37.40000003576279,4.42,0.01
21,35.0,34,61.400000095367474,7.65,0.0
26,37.0,34,45.80000025033951,9.25,0.0022
23,37.0,22,15.0,10.15,0.0
24,32.0,21,43.700000286102295,7.51,0.0
20,32.0,27,33.90000033378598,4.55,0.0
22,27.0,31,2.399999976158142,2.92,0.0
8,19.0,11,0.0,1.56,0.0012
7,20.0,16,0.0,1.74,0.0
14,19.0,24,0.0,1.8,0.0014
13,18.0,22,2.0,1.56,0.0
12,18.0,29,5.0,1.32,0.0011
11,19.0,37,7.100000143051151,1.43,0.0011
8,18.0,11,1.60000002384186,1.56,0.0012
11,20.0,35,20.5,1.74,0.0
12,16.0,31,41.39999980926514,1.38,0.0
9,19.0,27,28.399999713897714,1.2,0.0
7,20.0,15,5.79999995231628,1.44,0.0
7,21.0,13,0.0,1.44,0.0
10,20.0,26,0.0,1.5,0.0
13,17.0,37,0.0,1.74,0.0014
13,18.0,44,3.0,1.3,0.0
10,18.0,28,4.800000011920929,1.5,0.0012
9,16.0,24,50.00000004768371,0.72,0.0
10,17.0,28,33.00000004768372,0.54,0.0004
8,16.0,11,7.5,0.96,0.0
9,22.0,27,33.0,1.56,0.0
9,15.0,29,22.90000009536743,2.2,0.0018
15,25.0,31,13.0,3.0,0.0
15,21.0,22,2.599999964237209,3.6,0.0
17,25.0,39,0.0,4.51,0.0101
17,32.0,31,0.0,6.19,0.0
23,32.0,32,0.0,7.87,0.0
21,27.0,24,1.6,3.2,0.0015
23,31.0,28,0.0,5.25,0.0013
15,26.0,21,8.9,3.06,0.0074
11,13.0,37,0.0,1.44,0.0003
9,20.0,21,0.0,1.52,0.0012
9,15.0,26,1.5,1.26,0.0
7,15.0,28,0.6,1.36,0.0011
6,16.0,35,7.200000011920929,1.2,0.001
9,15.0,31,30.19999980926514,1.32,0.0
8,15.0,31,78.40000038146972,0.74,0.0006
11,23.0,24,36.700000047683716,0.84,0.0
10,18.0,28,34.59999990463257,0.96,0.0008
10,17.0,29,40.79999997615815,0.54,0.0004
9,17.0,24,41.99999995231629,0.56,0.0
7,19.0,31,57.70000004768372,0.96,0.0008
-2,14.0,39,64.5,1.02,0.0
8,13.0,42,147.0999999523163,0.36,0.0003
8,16.0,28,125.5999997138977,0.54,0.0004
8,16.0,26,22.6,0.36,0.0003
8,15.0,46,53.5,0.66,0.0005
10,15.0,42,95.79999990463257,1.92,0.0015
8,19.0,28,39.80000004768372,0.4,0.0003
11,20.0,41,0.0,0.84,0.0007
6,16.0,16,7.0,1.02,0.0008
7,22.0,48,15.0,1.54,0.0122
6,15.0,26,38.9000000834465,0.24,0.0002
12,19.0,35,58.29999992847443,1.14,0.003
13,23.0,21,25.299999892711632,3.25,0.0
17,27.0,39,37.60000002384186,4.89,0.0005
22,32.0,28,89.59999990463257,6.37,0.0
23,34.0,24,120.69999980926514,7.5,0.0
22,29.0,26,48.69999980926514,3.76,0.0017
22,32.0,22,83.80000019073486,5.35,0.0085
16,25.0,13,77.50000004768371,2.2,0.0007
8,16.0,22,47.70000019073486,1.08,0.0065
6,12.0,29,99.0,0.4,0.0003
7,14.0,34,68.199999332428,0.3,0.0002
6,17.0,26,7.0,0.56,0.0004
8,16.0,28,4.100000023841858,0.92,0.0
7,16.0,13,0.0,1.02,0.0008
8,16.0,11,0.0,0.98,0.0008
9,17.0,13,0.0,1.13,0.0009
11,17.0,21,0.0,1.44,0.0011
10,15.0,29,1.0,1.62,0.0013
9,20.0,31,21.0,1.44,0.0011
10,21.0,28,38.0,0.6,0.0005
5,12.0,26,76.40000038146972,0.56,0.0004
4,15.0,27,25.29999995231628,1.13,0.0009
5,15.0,31,13.8,1.44,0.0011
4,15.0,15,5.0,1.74,0.0
9,15.0,31,5.0,1.86,0.0015
9,16.0,16,64.3,1.14,0.0009
7,14.0,29,137.00000019073488,0.9,0.0007
9,17.0,15,37.40000014305115,0.56,0.0004
11,23.0,22,14.0,1.86,0.0015
16,26.0,31,3.0,2.94,0.0
15,28.0,24,92.5,4.63,0.0003
22,36.0,24,90.49999980926509,6.15,0.0
22,33.0,26,3.699999988079071,8.75,0.0
23,30.0,29,0.5,4.09,0.0
22,30.0,26,7.5,5.56,0.0015
15,28.0,16,12.29999995231628,2.65,0.0009
6,18.0,27,8.5,1.14,0.0002
10,19.0,29,82.3,1.8,0.0041
6,13.0,59,129.70000076293945,0.42,0.0003
5,13.0,50,107.79999942779541,1.15,0.0009
7,16.0,22,6.0,1.2,0.001
10,25.0,21,0.0,1.8,0.0014
12,24.0,31,0.0,2.2,0.0
8,21.0,24,0.0,2.36,0.0051
12,23.0,31,0.0,1.89,0.0
10,19.0,41,0.0,2.2,0.0052
7,25.0,15,0.0,2.25,0.0
15,26.0,28,8.0,2.56,0.0
11,22.0,37,26.39999985694886,3.04,0.0
11,18.0,41,94.6,2.72,0.0
11,23.0,39,39.99999995231629,1.56,0.0
12,24.0,28,0.0,2.2,0.0
13,23.0,16,0.0,3.0,0.0
14,23.0,35,0.0,2.94,0.0
14,25.0,48,0.0,3.06,0.0
13,23.0,28,4.0,3.18,0.0
6,17.0,21,54.5,0.96,0.0
8,14.0,31,110.59999997615814,0.84,0.0007
9,20.0,31,33.0,1.2,0.001
13,28.0,44,0.0,2.61,0.0
16,24.0,29,19.5,2.8,0.0
16,28.0,31,78.29999995231628,5.8,0.0011
22,32.0,34,153.00000143051156,6.25,0.0
22,35.0,28,30.0,8.62,0.0
21,30.0,24,88.2,3.2,0.1615
25,34.0,35,0.0,5.25,0.0013
14,29.0,27,0.0,2.56,0.0008
11,17.0,27,0.0,1.2,0.0002
13,23.0,16,4.5,3.35,0.0
11,22.0,27,0.0,3.24,0.0061
10,26.0,27,0.0,3.5,0.0
10,24.0,27,0.0,3.2,0.0061
11,23.0,21,0.0,3.35,0.0
10,25.0,16,5.5,3.2,0.0061
11,27.0,16,0.0,3.65,0.0
14,23.0,29,15.29999995231628,3.15,0.006
11,18.0,27,18.5,1.32,0.0
11,22.0,26,55.0,1.94,0.0015
12,18.0,31,194.7000007629395,2.65,0.0021
14,20.0,44,235.80000045299528,0.84,0.0007
16,22.0,39,17.90000001192093,1.94,0.0015
16,26.0,24,15.300000023841859,2.25,0.0018
15,23.0,22,0.0,2.2,0.0
15,26.0,35,1.0,2.8,0.0
19,25.0,37,0.0,3.74,0.0
16,24.0,22,0.0,3.2,0.0
10,18.0,31,0.0,1.32,0.0011
9,16.0,28,4.2,0.6,0.0005
14,17.0,44,0.5,2.27,0.0
12,24.0,22,0.0,1.94,0.0
16,21.0,39,5.5,2.2,0.0
13,26.0,22,0.0,5.78,0.0011
21,29.0,31,0.0,6.2,0.0
22,36.0,27,0.0,9.03,0.0
21,32.0,28,0.0,3.2,0.037000000000000005
23,35.0,35,0.0,5.15,0.0013
15,22.0,45,0.0,2.7,0.0
10,18.0,27,4.7,0.56,0.0003
15,25.0,39,0.0,7.54,0.0055
13,26.0,28,1.0,3.44,0.0025
19,25.0,50,7.7,6.3,0.0046
16,25.0,29,22.499999976158144,3.74,0.0
15,26.0,24,5.19999995231628,2.94,0.0
15,28.0,42,0.0,3.25,0.0024
3,26.0,37,0.0,2.94,0.0
12,27.0,22,1.0,3.44,0.0025
17,28.0,26,2.5,3.8,0.0028
17,26.0,68,0.0,3.15,0.0
16,25.0,44,0.0,5.2,0.0
13,29.0,28,0.0,5.59,0.0
16,24.0,28,0.0,5.2,0.0
13,26.0,34,0.0,5.03,0.0
13,30.0,28,0.0,4.96,0.0
16,24.0,39,0.0,5.4,0.0
16,28.0,28,0.0,5.15,0.0
16,25.0,26,1.5,4.93,0.0
14,26.0,22,0.0,4.8,0.0037
11,18.0,24,0.0,1.36,0.0
8,18.0,39,0.9,1.02,0.0
15,25.0,37,0.0,3.44,0.0
10,22.0,39,4.7,1.32,0.0
13,25.0,31,0.0,3.74,0.0
18,26.0,35,0.0,5.2,0.0006
20,32.0,26,0.0,6.61,0.0
21,38.0,26,0.0,8.96,0.0006
19,32.0,21,7.3,2.9,0.0014
21,27.0,34,7.8,5.15,0.0013
20,24.0,50,6.9,2.2,0.0
11,17.0,35,0.0,0.96,0.0004
18,29.0,24,0.0,4.51,0.0002
17,30.0,16,0.0,5.2,0.0007
15,33.0,22,0.0,7.8,0.0025
18,35.0,29,0.0,5.92,0.0012
19,34.0,31,0.0,6.98,0.0019
20,35.0,37,0.0,5.95,0.0012
19,33.0,26,0.0,6.13,0.0013
19,29.0,28,0.0,6.15,0.0
19,30.0,26,0.0,6.25,0.0
20,30.0,28,0.0,5.95,0.0
21,31.0,29,0.0,5.73,0.0
20,29.0,37,0.0,5.2,0.0
19,28.0,34,0.0,5.63,0.0
18,29.0,41,0.0,5.73,0.0
18,27.0,26,0.0,6.25,0.0
17,30.0,35,0.0,6.4,0.0
20,28.0,39,0.0,6.25,0.0
20,29.0,35,0.0,6.15,0.0
10,18.0,29,0.0,1.38,0.0011
5,13.0,37,4.8,1.13,0.0119
14,23.0,28,12.19999995231628,1.56,0.0122
9,19.0,41,15.1,0.8,0.0006
15,28.0,16,0.0,2.94,0.0
16,27.0,26,0.0,4.63,0.0003
20,32.0,28,0.0,6.85,0.0
25,41.0,16,0.0,9.37,0.0
22,32.0,27,0.0,3.56,0.0017
19,26.0,13,0.0,3.97,0.0007
17,27.0,26,0.0,2.37,0.0008
11,17.0,26,0.0,1.26,0.0003
21,34.0,29,16.5,7.81,0.0
24,33.0,26,21.00000004768372,7.56,0.0
23,34.0,28,0.0,7.87,0.0004
22,32.0,31,0.0,8.17,0.0
21,33.0,22,0.0,8.03,0.0
21,35.0,24,0.0,8.33,0.0
22,36.0,22,0.0,8.56,0.0
23,36.0,29,0.0,8.83,0.0
23,36.0,41,22.80000019073486,8.65,0.0
24,33.0,28,0.0,8.71,0.0
23,33.0,26,0.0,8.56,0.0
22,34.0,26,0.0,9.03,0.0
23,36.0,22,0.0,8.27,0.0
23,37.0,34,0.0,8.56,0.0
23,37.0,24,0.0,9.19,0.0
23,39.0,24,0.0,9.95,0.0
24,41.0,34,0.0,9.61,0.0
25,34.0,35,0.0,9.45,0.0
24,32.0,35,0.0,8.53,0.0
11,19.0,16,0.6,1.2,0.001
5,13.0,37,1.3,1.13,0.0009
15,25.0,42,0.3,1.56,0.0
12,23.0,22,0.0,1.26,0.001
16,29.0,29,0.0,3.24,0.0
13,31.0,22,0.0,4.51,0.0002
21,30.0,31,0.0,7.03,0.0
23,42.0,28,0.0,9.59,0.0
24,35.0,24,0.0,3.24,0.0015
19,27.0,27,0.0,3.56,0.0147
16,29.0,13,0.0,2.1,0.0
8,18.0,8,0.0,1.4,0.0003
22,35.0,26,0.0,9.0,0.0
24,33.0,34,0.0,8.87,0.0021
24,33.0,29,0.0,8.61,0.0011
23,31.0,24,0.0,8.65,0.0013
22,33.0,28,9.0,8.87,0.0
22,34.0,32,51.0,9.03,0.0017
24,33.0,26,70.00000028610226,7.5,0.0019
23,33.0,34,0.0,7.87,0.0
24,31.0,37,4.10000002384186,7.65,0.0
23,31.0,26,3.0,7.25,0.0
22,33.0,21,0.0,7.65,0.0224
24,35.0,28,5.0,8.23,0.0014
25,35.0,26,5.5,8.47,0.0015
22,39.0,65,13.5,9.65,0.002
22,35.0,37,80.500000166893,9.53,0.0003
23,31.0,27,29.59999994039536,7.85,0.0
13,34.0,50,23.90000005066395,7.65,0.0002
22,31.0,41,72.6000003814697,7.56,0.0019
22,30.0,32,162.69999959468842,3.5,0.0016
10,18.0,21,21.0,1.56,0.0
5,11.0,29,35.19999977350235,0.48,0.0
13,22.0,21,292.5,1.8,0.0014
8,25.0,63,288.8999996185303,2.04,0.0
14,27.0,21,14.5,3.44,0.0
18,26.0,29,106.69999980926514,4.29,0.0001
20,32.0,21,0.0,7.15,0.0
25,32.0,45,50.0,9.37,0.0
25,32.0,26,0.0,4.09,0.002
18,27.0,27,9.3,2.04,0.0
16,26.0,27,11.20000004768372,3.56,0.0013
7,20.0,8,94.19999980926514,1.2,0.0002
20,28.0,28,36.399999904632566,3.56,0.0017
21,30.0,21,0.0,4.24,0.0
22,33.0,21,9.100000023841861,4.85,0.0023
23,29.0,24,17.1,4.97,0.0
22,32.0,28,0.0,4.85,0.0012
22,27.0,28,0.0,4.39,0.001
21,27.0,16,0.400000005960465,3.65,0.0006
21,28.0,29,0.0,3.55,0.0006
19,29.0,32,0.0,3.91,0.0007
8,27.0,29,0.0,4.68,0.0011
18,28.0,26,0.0,3.65,0.0006
17,29.0,22,0.0,4.09,0.0008
19,34.0,29,0.0,4.15,0.0008
19,31.0,21,0.0,5.04,0.0013
17,30.0,27,0.0,4.35,0.0009
19,35.0,22,0.0,4.85,0.0012
22,30.0,26,0.0,5.15,0.0013
24,31.0,41,0.0,4.97,0.0012
8,18.0,31,0.0,1.92,0.0015
4,12.0,31,13.1,0.24,0.0002
15,24.0,37,0.0,2.2,0.0
12,25.0,29,0.200000002980232,2.3,0.0053
14,30.0,15,21.799999952316288,3.94,0.0029
18,28.0,31,21.10000014305114,4.8,0.0004
22,33.0,21,0.0,7.37,0.0
24,32.0,45,1.5,8.87,0.0
23,30.0,16,14.0,3.2,0.0015
20,27.0,15,2.6,1.94,0.0009
16,22.0,28,3.4,2.94,0.001
8,18.0,11,0.0,1.44,0.0007
22,30.0,15,0.0,3.36,0.0
22,28.0,27,0.0,3.47,0.0016
21,30.0,21,0.0,3.56,0.0013
22,29.0,39,0.0,3.06,0.0074
21,30.0,37,0.0,2.94,0.001
18,29.0,27,0.0,2.86,0.001
18,30.0,24,0.0,3.79,0.0014
23,31.0,26,0.0,3.57,0.0013
23,31.0,26,0.0,4.03,0.0015
20,30.0,22,0.0,3.76,0.0014
21,31.0,29,0.0,3.56,0.0013
19,29.0,15,0.0,4.96,0.0
20,30.0,22,0.0,4.76,0.0
22,29.0,26,0.0,4.08,0.0015
20,30.0,27,0.0,4.15,0.0016
17,30.0,15,0.0,4.35,0.0017
14,30.0,27,0.0,3.72,0.0014
17,28.0,22,65.5,3.47,0.0013
17,18.0,9,108.5,3.06,0.0011
12,18.0,29,109.80000019073489,1.56,0.0012
5,18.0,22,5.6,0.42,0.0003
12,20.0,34,15.1,1.92,0.0015
14,26.0,21,22.799999952316288,2.8,0.0
17,27.0,37,41.89999961853023,4.8,0.006999999999999999
19,28.0,34,24.5,4.63,0.0003
21,33.0,21,10.5,7.65,0.0
23,33.0,29,8.0,9.03,0.0
24,30.0,22,0.5,4.21,0.0016
20,28.0,21,41.0,2.15,0.001
13,18.0,46,144.70000000000005,2.94,0.0073
12,19.0,27,93.40000009536743,1.36,0.0007
11,20.0,28,42.499999952316294,1.3,0.0
15,21.0,29,95.20000021457676,1.14,0.0005
12,19.0,24,30.1,1.2,0.0005
10,22.0,13,6.0,1.56,0.0007
11,24.0,27,13.200000384449933,1.86,0.0
14,25.0,42,5.6,2.37,0.0
10,22.0,32,0.0,1.65,0.0004
13,21.0,28,0.0,1.53,0.0004
11,18.0,22,0.0,1.65,0.0004
10,20.0,35,0.0,1.67,0.0004
9,17.0,28,0.0,1.3,0.0003
9,16.0,35,0.0,1.37,0.0003
10,17.0,22,24.59999990463257,1.65,0.0004
11,15.0,24,39.899999904632566,1.2,0.0002
9,16.0,15,0.30000001192092896,1.08,0.0002
7,16.0,16,0.0,1.14,0.0002
5,15.0,21,4.0,1.2,0.0002
10,15.0,22,24.20000004768372,1.26,0.0003
9,18.0,21,39.999999821186066,1.5,0.0
7,13.0,39,39.299999833107,0.36,0.0003
10,21.0,39,40.5,2.42,0.0
13,29.0,28,113.79999995231628,2.94,0.0058
16,25.0,39,97.00000000000003,3.8,0.0
19,31.0,34,0.0,4.76,0.0004
22,35.0,22,0.0,7.36,0.0
22,32.0,24,0.0,9.15,0.0
19,28.0,37,0.0,4.09,0.0019
21,31.0,26,0.0,3.56,0.0016
13,18.0,29,2.1,1.56,0.0134
6,18.0,11,0.0,1.44,0.0007
5,7.0,27,0.0,1.56,0.0008
6,18.0,27,0.0,1.65,0.0008
9,18.0,24,0.0,1.72,0.0008
9,18.0,15,0.0,1.42,0.0007
7,18.0,11,0.0,1.44,0.0007
6,18.0,9,0.0,1.36,0.0007
9,17.0,15,0.0,1.2,0.0065
8,18.0,27,0.0,1.36,0.0
11,18.0,27,73.3,1.25,0.0183
13,16.0,16,252.8,0.66,0.0003
11,18.0,13,28.89999990463257,0.2,0.0531
9,20.0,34,18.900000071525582,0.36,0.0002
9,16.0,39,31.499999809265137,0.76,0.0003
9,16.0,48,72.99999965429306,0.87,0.0004
11,19.0,11,27.7,0.56,0.0002
8,18.0,16,0.0,0.96,0.0064
9,16.0,26,27.6,0.15,0.0295
9,16.0,32,3.1,0.8,0.0004
10,23.0,16,17.3,0.4,0.0002
15,25.0,29,4.39999997615814,2.65,0.0013
17,24.0,27,4.5,3.96,0.0018
20,29.0,27,0.0,6.3,0.0
22,33.0,22,0.0,7.89,0.0
23,32.0,39,1.79999995231628,8.36,0.0032
21,33.0,16,0.0,6.53,0.0
12,23.0,13,0.0,4.36,0.0
14,24.0,28,1.400000005960465,3.0,0.001
12,19.0,27,5.799999892711641,2.65,0.0012
11,15.0,21,0.8,1.36,0.0007
9,17.0,26,1.6,0.96,0.0
10,17.0,15,0.0,1.08,0.0
10,20.0,26,0.0,1.25,0.0
10,21.0,27,0.0,1.65,0.0008
11,21.0,35,0.0,1.44,0.0007
10,18.0,46,0.0,1.53,0.0
9,15.0,39,6.5,1.83,0.0009
7,19.0,15,7.600000038743019,1.44,0.0007
8,17.0,15,0.0,1.56,0.0008
12,16.0,39,86.6000003814697,1.44,0.0007
9,16.0,46,85.6,1.15,0.0
9,18.0,50,28.8,0.94,0.0
12,17.0,28,120.50000019073487,1.52,0.0007
9,13.0,42,114.99999995231629,1.52,0.0185
6,17.0,26,46.50000004768371,0.5,0.012
10,19.0,22,85.59999990463257,1.3,0.0006
10,13.0,26,177.40000114440923,1.5,0.0007
7,18.0,13,235.1000003814697,1.15,0.0006
9,17.0,42,6.19999992847443,0.6,0.0003
9,18.0,39,40.40000001192093,0.6,0.0003
9,25.0,22,0.6000000238418579,1.6,0.0007
14,26.0,34,4.200000047683718,2.84,0.0014
19,25.0,32,0.0,3.85,0.0018
20,38.0,29,45.0,6.0,0.0
21,37.0,26,34.30000019073486,8.23,0.0
23,31.0,39,0.0,8.4,0.0
22,32.0,27,21.0,6.72,0.0025
12,24.0,13,68.29999995231628,4.56,0.0
14,24.0,27,78.1999996304512,3.49,0.0
9,20.0,21,5.5,0.73,0.0003
9,23.0,35,0.0,1.1,0.0
10,26.0,16,0.0,1.4,0.0
11,26.0,22,0.0,1.9,0.0
8,28.0,27,0.0,2.2,0.0
13,25.0,32,0.0,1.7,0.0
12,20.0,16,0.0,1.6,0.0
13,16.0,28,0.0,1.65,0.0
11,19.0,29,0.0,1.7,0.0
12,18.0,21,2.699999988079071,1.8,0.0
10,18.0,29,3.8,0.7,0.0
5,19.0,27,0.0,0.94,0.0004
5,19.0,21,21.0,0.7,0.0
10,19.0,27,17.3,0.7,0.0003
11,18.0,26,0.5,1.1,0.0
9,19.0,29,26.2,0.8,0.0121
10,20.0,13,44.90000009536743,1.32,0.0036
7,16.0,24,69.50000017881393,0.6,0.0003
10,19.0,39,35.60000019073486,0.5,0.0002
15,26.0,34,127.70000004768372,2.2,0.0
14,21.0,42,188.79999914169306,2.08,0.0069
18,26.0,37,102.29999995231628,3.74,0.0017
22,36.0,34,82.59999966621399,6.95,0.0
24,33.0,21,52.10000002384186,8.17,0.0
21,31.0,28,192.5,8.05,0.0031
21,28.0,15,163.7000009536744,6.23,0.0
13,27.0,21,18.2999992370605,1.23,0.0
14,21.0,27,104.0,3.24,0.0
12,15.0,24,82.0,0.94,0.0004
12,15.0,22,125.99999980926516,0.94,0.0181
12,17.0,21,87.49999961853027,0.36,0.0355
12,19.0,29,40.1,0.24,0.08199999999999999
10,21.0,15,15.0,0.54,0.0129
7,23.0,9,0.0,0.94,0.0004
11,22.0,27,0.0,1.25,0.0006
14,21.0,16,0.0,1.34,0.0006
13,22.0,27,2.0,1.25,0.0006
13,22.0,21,0.0,1.25,0.0006
13,23.0,32,1.0,1.08,0.0005
10,19.0,35,9.299999958276755,0.94,0.0004
8,16.0,39,3.09999990463257,0.96,0.0004
8,17.0,34,6.200000047683719,1.36,0.0006
7,18.0,42,11.50000004768372,0.56,0.0003
9,20.0,27,0.0,1.34,0.0006
7,19.0,28,0.0,1.4,0.0
14,19.0,21,60.19999998807907,1.6,0.0
14,19.0,13,70.10000001192093,0.7,0.0
11,22.0,21,39.60000076889996,0.95,0.0064
5,17.0,26,0.0,0.66,0.0003
7,12.0,45,8.1,1.0,0.0004
12,24.0,35,0.0,1.6,0.0
15,22.0,41,16.0,2.36,0.0071
17,28.0,21,11.0,3.85,0.0018
24,37.0,26,0.0,7.2,0.0
22,34.0,22,0.0,8.29,0.0
18,32.0,22,0.0,7.17,0.0027
18,26.0,22,11.7,4.33,0.0016
16,28.0,32,0.0,4.2,0.0
12,24.0,27,4.8,2.89,0.0009
14,22.0,22,0.0,2.3,0.0012
13,22.0,16,0.0,1.9,0.001
12,24.0,22,0.0,2.2,0.0011
14,20.0,26,0.0,2.4,0.0012
12,19.0,32,0.0,2.6,0.0013
10,22.0,22,0.0,2.3,0.0011
11,30.0,22,0.0,2.4,0.0012
12,25.0,29,0.0,2.7,0.0013
16,27.0,22,14.0,2.4,0.0012
15,22.0,27,29.599999904632572,2.8,0.0014
16,24.0,37,85.60000009536743,1.56,0.0067
14,26.0,26,0.0,1.74,0.0068
12,28.0,37,56.8000001907349,2.2,0.006999999999999999
13,21.0,37,135.8000001907349,1.56,0.0007
13,24.0,41,4.2,1.56,0.0007
13,23.0,28,0.0,2.04,0.0009
10,25.0,34,14.0,2.36,0.0071
13,25.0,21,6.5,2.74,0.0013
11,16.0,39,20.0,1.52,0.0008
7,18.0,21,70.5,0.72,0.0
8,16.0,39,93.1999996423721,0.4,0.012
14,21.0,48,12.5,1.36,0.0
13,24.0,28,10.0,2.2,0.0011
15,34.0,22,0.0,4.65,0.0021
22,37.0,24,0.0,7.59,0.0
23,34.0,21,0.0,8.05,0.0
19,32.0,21,0.0,8.05,0.0
18,25.0,21,13.1,4.08,0.0015
14,28.0,24,0.0,4.86,0.0
14,22.0,22,0.0,3.09,0.001
16,34.0,42,0.0,3.45,0.0016
16,23.0,41,0.0,3.74,0.0
14,23.0,37,0.0,3.56,0.0017
14,24.0,28,0.0,2.94,0.0073
12,27.0,26,0.0,3.96,0.0
18,22.0,28,0.0,7.05,0.0032
18,29.0,27,6.5,3.74,0.0018
16,27.0,26,25.299999928474428,2.94,0.0013
19,27.0,34,0.0,3.86,0.0136
18,28.0,22,4.59999990463257,4.44,0.0
17,25.0,24,12.799999976158142,4.08,0.0019
17,25.0,21,3.0,4.09,0.0019
17,26.0,28,0.0,4.27,0.002
18,27.0,27,14.79999995231628,4.4,0.002
17,27.0,24,46.90000003576279,3.24,0.0074
15,22.0,21,36.39999985694885,2.94,0.0013
14,28.0,24,30.100000023841858,3.08,0.0015
16,27.0,26,20.5,3.74,0.0017
13,28.0,24,0.0,4.03,0.0019
10,17.0,28,0.0,0.96,0.0064
11,20.0,22,0.0,0.8,0.0004
9,17.0,26,5.3,0.3,0.0001
13,21.0,37,0.0,1.65,0.0008
11,24.0,27,0.0,2.84,0.0014
18,37.0,22,0.0,5.25,0.0024
21,34.0,22,0.0,7.81,0.0
24,33.0,35,0.0,8.19,0.0
21,33.0,29,9.0,8.05,0.0031
18,27.0,27,3.4,4.72,0.0018
14,18.0,22,0.0,4.39,0.0
11,20.0,26,0.0,3.09,0.001
18,33.0,26,0.0,5.2,0.0
21,35.0,35,5.5,6.65,0.0
22,34.0,26,9.5,5.96,0.0
21,30.0,27,43.19999978542328,5.86,0.0029
21,29.0,28,5.6,3.65,0.0
19,30.0,32,3.5,3.74,0.002
17,31.0,29,4.5,5.96,0.003
17,31.0,21,0.0,5.35,0.0027
20,33.0,21,0.0,5.96,0.003
19,34.0,26,0.0,5.74,0.0029
21,38.0,37,0.0,5.85,0.0029
24,40.0,24,0.0,6.15,0.0
23,32.0,29,0.0,6.23,0.0
22,31.0,32,0.0,5.05,0.0
21,32.0,28,0.0,5.65,0.0
20,37.0,37,0.0,6.75,0.0
25,40.0,24,1.5,7.21,0.0
22,31.0,29,3.5,7.69,0.0
7,18.0,11,0.0,1.15,0.0006
7,22.0,28,0.0,1.13,0.0005
10,18.0,26,4.2,0.36,0.0002
13,23.0,21,0.0,1.74,0.0
15,29.0,29,0.0,2.65,0.0013
21,36.0,21,0.0,5.56,0.0025
26,36.0,24,0.0,7.65,0.0
24,34.0,28,0.0,8.17,0.0
13,32.0,27,0.0,8.05,0.0
17,30.0,27,0.0,5.23,0.0019
14,19.0,52,3.8,3.2,0.0011
10,17.0,34,0.0,2.0,0.0006
20,28.0,11,0.0,7.87,0.0
19,32.0,32,0.0,7.63,0.0
21,31.0,32,0.0,7.93,0.0
22,32.0,34,0.0,7.63,0.0
20,33.0,28,0.0,7.95,0.0
21,34.0,21,0.0,7.88,0.0
19,,21,0.0,7.99,0.0
21,40.0,24,0.0,8.05,0.0
25,27.0,13,0.0,8.23,0.0
22,32.0,39,0.0,7.65,0.0
23,33.0,28,0.0,7.53,0.0
20,35.0,21,0.0,7.89,0.0
24,41.0,39,0.0,7.7,0.0031
27,39.0,34,0.0,7.89,0.0
25,35.0,26,0.0,7.65,0.0
24,33.0,26,0.0,8.05,0.0
23,41.0,29,0.0,8.16,0.0
23,31.0,35,6.1,7.75,0.0
22,33.0,26,0.0,8.05,0.0
5,19.0,8,0.0,1.52,0.0066
8,18.0,21,3.1,0.96,0.0594
11,19.0,26,8.1,0.54,0.0002
11,25.0,16,0.0,2.04,0.0
14,25.0,22,0.0,2.56,0.0071
19,32.0,21,0.0,5.96,0.0
23,34.0,28,0.0,7.2,0.0
23,34.0,22,0.0,8.05,0.0
21,31.0,21,0.0,8.05,0.0031
19,32.0,22,0.0,5.15,0.0019
15,22.0,34,41.3,2.1,0.0007
10,17.0,37,0.0,2.0,0.0006
24,42.0,34,0.0,8.96,0.0
25,34.0,29,0.0,8.72,0.0
24,31.0,26,0.0,8.56,0.0033
22,32.0,22,0.0,8.35,0.0033
22,31.0,29,1.5,8.26,0.0
20,34.0,26,0.0,8.56,0.0033
26,43.0,29,0.0,8.2,0.0
25,34.0,21,1.2,8.35,0.0032
24,34.0,22,0.0,8.56,0.0
21,34.0,21,0.0,8.2,0.0032
22,39.0,29,0.0,8.72,0.0
23,32.0,29,0.0,8.47,0.0033
21,31.0,28,0.0,8.56,0.0
19,36.0,24,0.0,8.67,0.0034
21,35.0,22,0.0,8.37,0.0
22,37.0,24,0.0,8.49,0.0033
23,33.0,28,0.0,8.72,0.0
21,35.0,22,0.0,8.89,0.0034
22,37.0,28,0.0,8.72,0.0
4,20.0,11,0.0,1.72,0.0008
8,19.0,29,0.0,1.06,0.0
9,17.0,22,1.4,0.5,0.0002
11,25.0,28,0.0,2.4,0.0
11,27.0,27,0.0,2.94,0.0014
17,30.0,22,0.0,5.85,0.0
21,30.0,26,0.0,7.51,0.0
21,37.0,32,0.0,8.29,0.0
20,35.0,27,0.0,8.05,0.0
21,32.0,22,2.500000059604649,5.77,0.0
13,26.0,21,11.5,2.1,0.0007
10,15.0,32,2.3,1.85,0.0006
21,34.0,28,0.0,7.27,0.0
20,33.0,27,0.0,7.33,0.0028
23,,21,0.0,7.21,0.0
24,37.0,22,0.0,7.4,0.0028
24,35.0,21,0.0,7.65,0.0
27,35.0,32,0.0,7.47,0.0028
26,36.0,28,0.0,7.81,0.0
25,36.0,13,0.0,7.93,0.003
23,40.0,29,0.0,8.05,0.0
24,35.0,24,0.0,7.87,0.003
23,33.0,32,0.0,7.81,0.0029
23,36.0,45,5.10000002384186,7.93,0.0
23,30.0,27,25.7,7.3,0.0027
21,30.0,24,0.0,6.81,0.0026
20,29.0,21,0.0,6.53,0.0
18,30.0,22,0.0,6.72,0.0
19,32.0,28,4.0,6.6,0.0
23,32.0,26,5.5,6.2,0.0023
5,22.0,16,0.0,1.83,0.0068
10,22.0,35,16.0,1.26,0.0006
9,16.0,29,140.89999961853025,0.5,0.0533
12,21.0,24,143.60000038146973,2.7,0.0012
13,29.0,24,206.2999992370605,2.94,0.0604
18,35.0,21,52.0,5.25,0.0024
22,29.0,34,0.0,7.75,0.0032
24,36.0,29,0.0,8.35,0.0
23,34.0,21,0.0,7.81,0.003
20,32.0,24,0.0,5.35,0.002
15,24.0,21,0.0,3.67,0.0013
10,17.0,34,43.6,0.54,0.0092
22,32.0,21,0.0,6.13,0.0
19,35.0,24,0.0,5.89,0.0022
20,30.0,48,0.0,4.83,0.0
19,28.0,15,0.0,4.95,0.0018
19,34.0,22,0.0,4.73,0.0
19,32.0,16,0.0,5.35,0.0
17,28.0,16,0.0,6.23,0.0
18,28.0,13,0.0,6.77,0.0
15,30.0,26,0.0,5.23,0.0
19,27.0,48,0.0,5.2,0.0
18,23.0,41,0.0,4.23,0.0
18,25.0,29,0.0,4.72,0.0
16,26.0,16,0.0,5.03,0.0
16,25.0,16,2.5,4.63,0.0
16,24.0,13,12.5,4.57,0.0
14,24.0,16,30.0,4.89,0.0
13,25.0,16,3.0,5.03,0.0
13,22.0,13,11.0,4.96,0.0
15,23.0,26,17.20000004768372,4.73,0.0
5,21.0,13,0.0,2.53,0.0012
9,15.0,46,3.6,0.96,0.0004
7,16.0,27,1.8,0.5,0.0238
8,24.0,16,0.0,2.8,0.0
15,30.0,27,1.0,3.06,0.0
19,33.0,21,62.5,5.65,0.0
21,29.0,37,272.69999980926514,6.95,0.0
26,39.0,32,167.7000007629395,8.47,0.0
22,34.0,21,67.6,6.81,0.0026
21,32.0,15,78.5,5.77,0.0
16,21.0,29,105.60000057220464,2.49,0.0009
12,17.0,29,102.30000038146973,0.78,0.0139
15,23.0,28,0.0,2.3,0.0008
13,26.0,13,0.0,2.42,0.0008
16,27.0,34,0.0,3.3,0.0
16,23.0,27,0.0,3.24,0.0
14,25.0,13,0.0,4.15,0.0
14,23.0,15,0.0,3.91,0.0013
12,25.0,15,0.0,3.91,0.0013
12,22.0,15,0.0,4.05,0.0
11,26.0,9,0.0,4.03,0.0014
12,24.0,15,0.0,3.85,0.0
13,25.0,27,0.0,4.09,0.0
15,25.0,11,0.0,3.79,0.0
16,22.0,24,0.0,3.67,0.0
15,25.0,13,0.0,3.09,0.0
12,23.0,24,0.0,3.29,0.0
14,27.0,22,0.0,3.18,0.0
19,23.0,21,0.0,3.12,0.001
18,27.0,45,0.0,2.88,0.0009
8,18.0,24,0.0,2.36,0.0
8,16.0,39,16.4,0.96,0.0004
5,18.0,27,0.0,0.6,0.0003
12,25.0,24,6.799999952316281,2.4,0.0008
17,29.0,27,0.0,3.24,0.0015
19,33.0,22,5.0,5.54,0.0
21,30.0,22,11.0,7.57,0.0
23,36.0,24,47.39999985694885,8.25,0.0
19,35.0,22,214.6000003814697,6.87,0.0026
21,32.0,22,235.89999997615814,6.05,0.0022
14,23.0,26,60.30000019073486,2.67,0.0009
10,18.0,22,19.9,0.84,0.0003
7,19.0,11,0.0,1.68,0.0006
7,18.0,11,10.0,1.8,0.0006
11,21.0,15,0.0,1.74,0.0006
10,18.0,29,0.0,2.04,0.0007
12,16.0,28,14.0,2.18,0.0
10,14.0,27,44.69999995231628,1.8,0.0006
11,19.0,13,51.599999809265135,0.78,0.0003
12,19.0,32,0.0,1.44,0.0005
13,18.0,29,0.0,1.74,0.0006
10,18.0,15,0.0,1.78,0.0006
7,19.0,15,0.0,2.04,0.0007
7,17.0,11,0.0,2.18,0.0007
-2,14.0,16,0.0,2.3,0.0008
11,17.0,48,35.80000019073486,1.74,0.0006
11,16.0,32,67.49999995231629,0.87,0.0003
9,18.0,48,27.00000004768372,1.2,0.0004
7,13.0,34,136.50000019073482,0.9,0.0003
3,12.0,37,149.20000009536747,0.18,0.0091
6,13.0,46,79.39999961853027,0.74,0.0002
7,15.0,28,21.2,0.87,0.0003
13,21.0,45,0.0,1.87,0.0009
11,29.0,24,0.0,3.47,0.0
14,27.0,27,0.0,5.2,0.0
19,34.0,21,0.0,6.92,0.0029
25,41.0,37,0.0,10.33,0.0
21,36.0,26,0.0,9.7,0.0
18,29.0,29,5.1,3.0,0.0
15,23.0,21,10.3,1.74,0.0142
12,20.0,24,0.0,1.56,0.0005
7,20.0,13,0.0,1.86,0.0
10,22.0,16,0.0,1.74,0.0
7,20.0,13,0.0,2.2,0.0
10,24.0,13,0.0,2.04,0.0
10,17.0,21,0.0,2.13,0.0
9,14.0,26,0.0,1.86,0.0
7,15.0,22,5.599999988079071,1.33,0.0
7,18.0,16,0.0,1.44,0.0005
8,18.0,13,0.0,1.13,0.0
8,17.0,28,3.5,1.2,0.0
8,15.0,34,33.19999982118607,1.25,0.0004
9,15.0,35,77.40000001192092,0.9,0.1998
7,13.0,29,39.799999952316284,1.08,0.0
5,12.0,21,48.90000009536743,0.74,0.0
8,14.0,34,109.49999980926513,0.86,0.0
9,13.0,32,120.50000014305115,0.36,0.0001
8,15.0,26,49.999999833107,0.48,0.0002
9,19.0,45,14.0,0.63,0.0002
10,22.0,37,30.79999995231628,0.67,0.0002
8,14.0,21,41.8000003814697,0.23,0.0001
5,13.0,35,57.10000019073486,0.56,0.0002
8,21.0,27,9.5,1.08,0.0003
12,19.0,41,0.0,2.04,0.001
15,30.0,15,0.0,3.63,0.0
14,26.0,22,0.0,4.89,0.0
23,34.0,22,0.0,6.97,0.0029
25,40.0,24,36.3999996185303,10.27,0.0
22,33.0,39,59.20000019669533,6.15,0.0
18,28.0,27,4.09999990463257,3.15,0.0
16,24.0,11,6.9,1.56,0.0005
9,19.0,15,0.0,1.08,0.0004
8,17.0,11,1.6,0.92,0.0003
9,16.0,26,1.2,0.74,0.0
10,18.0,15,0.0,1.14,0.0004
9,14.0,27,11.09999990463257,1.2,0.0
6,16.0,21,19.5,1.38,0.0004
8,16.0,16,24.5,1.44,0.0
8,16.0,21,100.60000019073486,0.74,0.0002
5,16.0,21,36.40000004768372,0.67,0.0002
11,17.0,21,126.00000000000004,0.56,0.0002
10,14.0,28,206.39999961853025,0.24,0.0079
10,15.0,48,186.2999998092651,0.36,0.0364
9,15.0,48,35.3,0.56,0.0002
7,11.0,39,173.4000000476837,1.2,0.0004
10,15.0,28,357.5000005722046,0.63,0.0138
9,16.0,26,79.90000023841858,0.74,0.0002
9,14.0,32,28.90000009536744,1.08,0.0003
8,17.0,32,37.09999990463257,1.44,0.0005
6,18.0,39,16.5,0.44,0.0001
11,23.0,15,7.0,1.2,0.0004
12,20.0,35,9.0,1.96,0.0
15,35.0,16,30.5,3.85,0.0
16,27.0,22,60.00000023841858,4.96,0.0
21,33.0,22,86.90000009536743,7.09,0.0
25,35.0,34,260.80000019073486,10.59,0.0
22,37.0,45,540.1999984741211,6.15,0.0022
16,28.0,21,148.9000005722046,3.24,0.0
15,25.0,27,51.0,1.87,0.0006
-3,19.0,9,0.0,1.74,0.0006
5,16.0,27,0.0,1.36,0.0006
6,19.0,24,0.0,1.2,0.0005
11,16.0,21,5.0,1.74,0.0007
13,17.0,22,22.299999713897712,1.86,0.0008
10,17.0,26,42.00000004768371,0.94,0.0004
8,19.0,16,0.0,1.08,0.0004
11,16.0,11,0.0,1.56,0.0
12,18.0,35,1.5,1.98,0.0
14,15.0,29,3.0,2.44,0.0
12,22.0,32,0.0,2.18,0.0
11,21.0,22,13.0,2.3,0.0
12,18.0,32,57.8999996185303,2.63,0.0
10,23.0,34,244.20000039339064,1.56,0.0264
11,15.0,39,250.3999996185303,1.87,0.0175
11,17.0,52,239.0999998092651,0.36,0.3914
13,18.0,46,1.0,1.2,0.2288
12,19.0,37,0.0,1.44,0.0386
13,21.0,41,0.0,1.36,0.0617
16,23.0,45,0.0,1.86,0.0009
10,19.0,42,0.0,1.36,0.0005
8,20.0,26,0.0,1.38,0.0004
10,27.0,32,0.0,1.8,0.0
7,22.0,16,0.0,2.36,0.0
16,36.0,26,0.0,4.09,0.0
15,28.0,24,0.0,5.05,0.0
21,31.0,21,0.0,7.05,0.0029
23,34.0,21,0.0,9.79,0.0
24,39.0,27,0.0,5.86,0.0021
21,34.0,27,0.0,3.18,0.0
15,26.0,13,0.0,2.04,0.0007
9,18.0,8,0.0,1.89,0.0006
11,20.0,27,0.0,3.24,0.0
9,23.0,16,0.0,3.36,0.0
8,25.0,27,0.0,3.56,0.0
10,27.0,26,0.0,3.63,0.0
14,26.0,21,0.0,3.74,0.0
12,25.0,22,0.0,3.85,0.0
15,25.0,26,0.0,3.61,0.0
13,22.0,22,0.0,3.67,0.0014
13,21.0,22,0.0,3.56,0.0
10,22.0,27,0.0,3.36,0.0
13,28.0,26,0.0,3.2,0.0016
14,25.0,24,0.0,3.63,0.0
12,24.0,27,0.0,3.87,0.0
16,27.0,32,0.0,3.63,0.0017
14,23.0,34,0.0,3.48,0.0017
14,24.0,35,0.0,3.47,0.0017
13,24.0,21,0.0,3.18,0.0015
13,24.0,27,14.99999995231628,3.2,0.0014
8,17.0,32,0.0,1.37,0.0005
8,14.0,26,0.0,1.2,0.0004
8,16.0,52,0.0,1.63,0.0005
11,20.0,28,0.0,2.74,0.0
18,39.0,22,0.0,4.77,0.0081
16,28.0,21,0.0,5.2,0.0
21,33.0,27,0.0,7.25,0.003
22,37.0,21,0.0,9.3,0.0
24,33.0,26,0.0,5.41,0.0
21,33.0,15,0.0,3.45,0.0
18,24.0,21,0.0,2.15,0.0007
9,20.0,9,0.0,1.74,0.0006
13,29.0,15,0.0,5.05,0.0022
17,38.0,21,0.0,4.96,0.0
17,39.0,50,0.0,4.82,0.0021
16,23.0,29,7.5,3.67,0.0016
14,23.0,35,12.9,3.0,0.0013
17,26.0,37,36.90000004768372,3.06,0.0013
18,33.0,24,0.0,4.89,0.0022
18,32.0,29,0.0,5.2,0.0
15,22.0,34,0.0,4.96,0.0022
14,23.0,39,1.4,4.82,0.0021
13,24.0,29,0.0,4.57,0.0
15,26.0,28,0.0,4.64,0.002
13,24.0,22,0.0,4.51,0.002
17,23.0,34,0.0,4.39,0.0
17,24.0,37,0.0,4.6,0.002
15,26.0,29,0.0,4.49,0.0021
13,29.0,28,0.0,4.27,0.002
18,29.0,16,0.0,5.05,0.0023
16,25.0,24,0.0,4.96,0.0
5,17.0,27,0.0,1.57,0.0005
7,14.0,35,0.0,1.2,0.0004
8,13.0,45,2.4,0.74,0.0002
11,13.0,15,0.0,2.44,0.0
17,30.0,21,0.0,5.05,0.0
7,28.0,22,0.0,5.41,0.0
21,36.0,21,0.0,7.39,0.0
24,36.0,21,0.0,9.63,0.0
24,29.0,22,0.0,5.47,0.0019
22,33.0,27,0.0,3.96,0.0
15,23.0,21,7.2,1.53,0.0005
11,19.0,21,0.0,1.5,0.0005
22,29.0,34,0.0,5.41,0.0
21,29.0,26,0.0,5.1,0.0
19,30.0,21,0.0,5.47,0.0
21,29.0,32,0.0,5.2,0.0
21,29.0,41,12.5,5.37,0.0023
21,29.0,34,0.0,4.89,0.0021
20,30.0,37,0.0,4.96,0.0021
21,29.0,41,0.0,4.72,0.002
20,30.0,37,0.0,4.96,0.0021
18,31.0,21,0.0,5.05,0.0
20,37.0,26,0.0,5.89,0.0025
21,31.0,21,15.8,5.89,0.0025
20,29.0,29,0.0,6.32,0.0
21,31.0,32,0.0,6.56,0.0027
21,33.0,28,0.0,6.43,0.0027
21,36.0,32,0.0,6.25,0.0026
21,31.0,26,0.0,6.61,0.0028
18,33.0,21,0.0,6.56,0.0
8,17.0,16,0.0,1.68,0.0006
4,14.0,26,0.0,1.14,0.0004
8,12.0,35,1.9,0.96,0.0003
10,16.0,34,0.0,2.56,0.0
19,20.0,15,0.0,3.97,0.0
20,32.0,22,0.0,5.15,0.0
20,37.0,21,0.0,7.57,0.0032
25,35.0,26,0.0,9.32,0.0
23,30.0,26,0.0,5.2,0.0018
22,30.0,24,1.2,3.56,0.0
16,22.0,21,0.0,2.25,0.0007
10,22.0,15,19.8,1.5,0.0005
24,35.0,32,0.0,7.08,0.0
24,34.0,35,0.0,7.32,0.003
22,32.0,27,0.0,7.25,0.0
23,36.0,26,0.0,7.69,0.0
25,36.0,27,0.0,9.49,0.0
22,,21,0.0,9.85,0.0
22,39.0,32,0.0,9.97,0.0
24,33.0,26,0.0,10.15,0.0
21,35.0,21,0.0,9.79,0.0
23,35.0,24,0.0,9.96,0.0
26,36.0,26,0.0,10.03,0.0
26,35.0,32,0.0,9.79,0.0
25,34.0,24,0.0,10.15,0.0
23,36.0,28,0.0,10.05,0.0
24,26.0,13,0.0,10.25,0.0
25,37.0,26,0.0,9.89,0.0
24,38.0,21,0.0,10.05,0.0
23,43.0,42,0.0,9.79,0.0
27,39.0,24,1.0,9.56,0.0
10,18.0,15,0.0,1.74,0.0006
5,14.0,34,0.0,1.38,0.0004
7,13.0,28,1.5,0.96,0.0003
9,16.0,34,0.0,2.97,0.0
15,33.0,32,1.5,4.36,0.0
18,33.0,22,0.0,5.35,0.0
22,37.0,22,1.0,7.89,0.0033
25,35.0,22,0.0,9.56,0.0
23,29.0,16,0.0,5.2,0.0
19,25.0,16,0.0,3.2,0.001
16,22.0,13,20.699999809265137,2.34,0.0008
-2,22.0,13,0.0,1.63,0.0096
24,33.0,28,21.0,9.15,0.0
24,35.0,22,0.0,9.05,0.0
22,36.0,28,16.0,8.83,0.0
23,29.0,16,0.0,9.01,0.0
21,31.0,21,0.0,8.95,0.0
23,37.0,41,98.5,8.89,0.0017
23,34.0,29,266.5999992370605,7.3,0.0027
23,31.0,26,21.5,7.21,0.0027
21,25.0,11,2.0,7.03,0.0
19,32.0,21,0.0,6.96,0.0
26,35.0,26,38.0,6.73,0.0
22,38.0,39,79.09999990463257,7.03,0.0
22,31.0,27,157.5999996185303,6.15,0.0
24,33.0,21,0.0,6.03,0.0
25,26.0,8,0.0,6.89,0.0
26,34.0,22,0.0,6.56,0.0
26,34.0,24,0.0,6.73,0.0
23,34.0,21,0.0,6.95,0.0
21,35.0,21,0.0,7.3,0.0
