DATE,Temp_min,Temp_max,PLV,EVA,APP
1986-08-02,24.5,29.4,0.0,3.3,0.0
1986-09-02,20.5,25.5,24.5,3.2,0.0
1986-09-10,21.3,28.2,0.8,2.9,0.0
1986-09-21,24.0,28.5,3.5,5.6,0.0
1986-09-25,19.3,26.6,0.5,2.5,0.0
1986-09-27,17.1,27.2,0.7,2.6,0.0
1986-09-28,19.7,24.2,1.0,2.4,0.0
1986-09-29,19.8,26.2,0.3,2.7,0.0
1986-09-30,17.2,24.5,12.1,1.7,0.0
1986-10-06,19.8,26.8,5.2,2.1,0.2
1986-10-07,18.4,25.7,1.2,1.4,0.2
1986-10-08,19.0,27.0,0.1,1.9,0.2
1986-10-12,22.7,25.7,0.3,4.1,0.2
1986-10-13,22.4,26.4,0.2,4.4,0.2
1986-10-14,22.6,25.1,6.4,4.0,0.2
1986-10-15,18.8,26.1,10.1,2.2,0.2
1986-10-17,17.5,26.0,9.8,2.5,0.2
1986-10-18,17.3,23.7,130.4,1.5,0.2
1986-10-19,17.0,24.8,32.1,1.4,0.2
1986-10-20,17.0,23.5,0.6,2.8,0.2
1986-10-23,15.2,26.8,2.4,2.7,0.2
1986-10-25,12.2,21.4,1.8,2.2,0.2
1986-10-27,12.6,19.0,19.9,4.0,0.2
1986-10-28,10.4,18.0,10.1,2.6,0.2
1986-10-29,13.6,20.0,1.5,5.6,0.2
1986-10-31,15.5,20.6,0.2,2.4,0.2
1986-11-02,11.6,22.1,0.8,2.5,5.58
1986-11-03,13.2,18.1,14.7,4.7,5.58
1986-11-04,12.2,18.1,6.0,2.9,5.58
1986-11-05,11.2,17.0,0.6,1.8,5.58
1986-11-06,11.0,17.6,1.6,2.1,5.58
1986-11-11,16.3,21.0,2.7,1.7,5.58
1986-11-12,15.1,20.6,2.0,1.9,5.58
1986-11-13,12.9,20.0,22.4,0.9,5.58
1986-11-17,16.2,19.7,15.1,1.6,5.58
1986-11-18,15.0,17.5,13.6,1.4,5.58
1986-11-19,14.7,18.8,1.7,1.2,5.58
1986-11-20,13.0,19.1,10.5,1.3,5.58
1986-11-23,12.2,18.0,4.0,1.7,5.58
1986-11-24,11.6,16.0,1.1,2.5,5.58
1986-11-25,9.8,18.8,0.2,2.0,5.58
1986-11-29,9.5,17.6,0.2,0.8,5.58
1986-11-30,10.6,17.5,8.4,1.3,5.58
1986-12-02,9.5,17.0,0.1,1.6,1.55
1986-12-06,10.7,17.5,1.1,2.4,1.55
1986-12-08,8.3,17.0,0.1,1.1,1.55
1986-12-10,10.6,16.0,18.7,1.3,1.55
1986-12-12,11.2,16.7,3.1,1.2,1.55
1986-12-14,7.8,17.2,0.5,2.0,1.55
1986-12-15,9.6,15.0,5.6,1.8,1.55
1986-12-17,11.4,15.9,1.9,6.2,1.55
1986-12-18,8.6,16.2,0.0,3.7,1.55
1986-12-19,10.2,17.7,1.1,5.3,1.55
1986-12-20,10.6,15.6,4.7,4.0,1.55
1986-12-21,8.5,15.4,3.3,2.0,1.55
1986-12-22,9.9,12.0,3.9,2.2,1.55
1986-12-23,5.3,12.0,0.4,1.3,1.55
1986-12-24,6.8,9.7,9.0,1.4,1.55
1986-12-25,1.2,8.8,25.2,2.5,1.55
1986-12-26,0.4,12.6,12.4,0.9,1.55
1986-12-27,7.6,15.2,7.4,5.1,1.55
1986-12-28,8.7,13.8,1.4,3.1,1.55
1986-12-29,6.5,13.6,0.1,1.6,1.55
1987-01-03,11.1,13.7,5.7,2.5,5.865
1987-01-04,7.0,12.4,8.4,1.5,5.865
1987-01-05,7.0,13.8,0.3,4.0,5.865
1987-01-07,9.8,14.4,12.8,2.1,5.865
1987-01-08,7.1,12.0,2.4,3.4,5.865
1987-01-10,3.6,13.1,0.2,5.9,5.865
1987-01-11,9.2,12.9,0.2,3.7,5.865
1987-01-16,3.5,10.0,7.0,0.9,5.865
1987-01-17,5.4,10.4,12.8,1.1,5.865
1987-01-18,6.5,12.0,18.6,1.2,5.865
1987-01-19,8.3,12.4,1.3,0.9,5.865
1987-01-31,12.3,16.2,4.4,1.0,5.865
1987-02-01,10.8,14.0,0.6,1.8,8.217
1987-02-04,13.1,17.6,0.1,1.5,8.217
1987-02-05,10.4,16.6,6.6,1.2,8.217
1987-02-06,10.2,15.6,3.6,1.9,8.217
1987-02-07,9.5,15.4,0.3,3.0,8.217
1987-02-08,11.6,15.7,0.2,1.6,8.217
1987-02-11,7.4,16.5,0.1,2.6,8.217
1987-02-13,10.2,15.3,9.0,1.9,8.217
1987-02-14,11.0,14.9,19.1,3.2,8.217
1987-02-16,8.0,15.1,3.0,2.3,8.217
1987-02-18,5.8,14.9,0.0,1.4,8.217
1987-02-19,10.8,17.6,1.8,2.7,8.217
1987-02-22,10.4,14.9,13.0,2.1,8.217
1987-02-23,5.9,12.4,1.1,4.0,8.217
1987-02-25,5.0,14.8,0.0,2.1,8.217
1987-02-26,12.0,14.2,0.7,1.3,8.217
1987-02-27,7.4,14.7,0.4,1.6,8.217
1987-03-04,9.7,13.5,1.0,2.8,2.13
1987-03-05,6.5,14.8,3.7,2.5,2.13
1987-03-06,7.2,12.0,0.4,2.2,2.13
1987-03-07,4.4,12.6,11.3,2.2,2.13
1987-03-08,7.5,9.1,0.2,1.4,2.13
1987-03-09,5.6,10.5,2.5,1.8,2.13
1987-03-10,8.0,12.7,1.0,1.9,2.13
1987-03-13,9.8,12.6,22.7,1.7,2.13
1987-03-14,8.6,13.2,12.3,1.3,2.13
1987-03-15,7.5,13.0,0.2,3.5,2.13
1987-03-20,12.2,16.8,0.0,1.7,2.13
1987-03-21,9.3,16.0,20.4,1.3,2.13
1987-03-29,10.2,15.6,3.4,2.1,2.13
1987-03-30,6.7,12.9,2.0,2.7,2.13
1987-03-31,5.2,14.0,4.6,3.7,2.13
1987-04-01,6.2,13.1,3.4,1.8,0.856
1987-04-09,13.4,22.3,0.1,3.2,0.856
1987-04-12,10.2,18.8,2.0,4.4,0.856
1987-04-13,10.6,17.2,6.3,3.6,0.856
1987-04-15,13.0,17.6,0.0,3.3,0.856
1987-04-16,10.0,16.8,3.9,2.2,0.856
1987-05-05,10.4,17.8,1.3,3.0,0.227
1987-05-06,7.6,16.3,0.2,3.3,0.227
1987-05-07,9.2,17.8,1.1,3.1,0.227
1987-05-10,9.4,19.4,0.1,2.7,0.227
1987-05-11,15.4,21.5,0.0,1.8,0.227
1987-05-14,14.8,21.0,19.6,2.0,0.227
1987-05-18,15.6,20.0,0.2,1.3,0.227
1987-05-23,13.8,20.6,0.6,1.7,0.227
1987-05-24,15.2,23.0,3.4,2.0,0.227
1987-05-27,13.2,22.5,0.1,1.9,0.227
1987-05-28,16.4,21.0,6.0,1.4,0.227
1987-06-10,17.1,25.3,0.2,2.4,0.031
1987-07-08,22.9,27.6,0.0,2.6,0.021
1987-07-30,21.4,28.2,3.9,1.9,0.021
1987-09-02,24.3,28.8,2.7,1.1,0.0
1987-09-07,22.2,27.2,2.6,4.7,0.0
1987-09-30,24.2,28.4,23.7,2.5,0.0
1987-10-03,18.7,27.2,2.4,3.4,0.041
1987-10-07,19.5,23.3,0.4,1.8,0.041
1987-10-11,17.0,25.4,1.9,4.1,0.041
1987-10-12,14.9,23.2,9.9,4.3,0.041
1987-10-13,15.5,23.0,0.1,2.8,0.041
1987-11-03,15.8,26.6,0.3,3.1,0.189
1987-11-04,17.2,22.6,1.6,3.3,0.189
1987-11-06,13.2,20.8,0.1,2.2,0.189
1987-11-10,12.7,23.9,51.0,1.4,0.189
1987-11-11,15.2,21.0,0.3,4.6,0.189
1987-11-15,12.2,19.0,2.3,5.0,0.189
1987-11-19,14.0,19.6,0.1,4.4,0.189
1987-11-21,10.4,17.4,19.9,3.2,0.189
1987-11-22,7.6,16.6,3.1,2.8,0.189
1987-11-26,9.6,19.0,0.5,3.4,0.189
1987-11-27,9.5,16.7,0.2,2.6,0.189
1987-11-28,7.6,15.2,1.0,2.6,0.189
1987-11-29,9.3,16.2,4.5,2.6,0.189
1987-11-30,6.0,16.9,8.2,2.1,0.189
1987-12-02,5.6,16.7,0.2,4.4,0.094
1987-12-03,14.3,18.4,0.1,5.4,0.094
1987-12-04,15.5,19.0,0.5,2.7,0.094
1987-12-05,14.5,18.6,0.3,1.2,0.094
1987-12-06,10.5,17.9,0.2,1.6,0.094
1987-12-07,15.0,18.8,0.2,0.7,0.094
1987-12-10,9.5,16.7,14.2,2.9,0.094
1987-12-11,11.0,12.6,8.2,0.4,0.094
1987-12-12,10.5,16.5,1.0,0.8,0.094
1987-12-14,12.8,19.6,2.8,3.6,0.094
1988-01-01,8.5,15.4,0.3,2.2,0.113
1988-01-03,8.5,17.2,4.3,3.7,0.113
1988-01-04,9.8,15.6,0.9,5.0,0.113
1988-01-07,8.1,17.5,2.3,2.5,0.113
1988-01-08,8.3,13.8,8.6,3.1,0.113
1988-01-09,7.5,14.7,2.7,4.9,0.113
1988-01-10,9.4,13.6,0.7,3.3,0.113
1988-01-20,7.5,17.3,2.2,2.1,0.113
1988-01-21,8.3,16.0,10.0,2.2,0.113
1988-01-22,5.9,13.6,6.3,3.0,0.113
1988-01-23,10.0,14.3,0.5,6.1,0.113
1988-01-30,10.4,20.2,11.5,4.2,0.113
1988-02-03,10.5,15.1,0.8,1.1,0.172
1988-02-04,11.7,18.0,6.5,1.7,0.172
1988-02-10,12.0,17.8,0.1,2.8,0.172
1988-02-12,6.9,19.2,2.9,6.2,0.172
1988-02-13,8.2,14.0,0.0,7.7,0.172
1988-02-14,10.5,14.4,0.2,2.9,0.172
1988-02-19,7.7,12.4,1.7,1.8,0.172
1988-02-20,10.6,15.7,0.2,1.8,0.172
1988-02-23,4.5,15.7,0.8,1.7,0.172
1988-02-24,9.5,17.5,0.4,2.8,0.172
1988-02-25,5.8,12.2,4.8,2.0,0.172
1988-02-26,4.5,10.0,7.0,2.0,0.172
1988-02-28,4.7,12.7,0.0,2.2,0.172
1988-03-01,4.5,12.5,3.1,3.2,0.613
1988-03-06,9.5,13.9,29.5,2.8,0.613
1988-03-07,7.9,14.5,3.1,5.6,0.613
1988-03-08,7.5,13.4,3.0,6.4,0.613
1988-03-09,7.0,11.5,3.9,3.8,0.613
1988-03-10,4.7,13.3,1.0,4.2,0.613
1988-03-11,5.0,13.0,2.7,2.4,0.613
1988-03-15,11.4,22.0,1.2,2.2,0.613
1988-03-31,9.8,19.3,0.3,4.9,0.613
1988-04-05,11.2,19.2,0.2,2.9,0.184
1988-04-06,11.2,20.8,6.3,2.8,0.184
1988-04-19,10.8,19.8,0.2,1.9,0.184
1988-04-23,12.3,20.9,2.7,1.3,0.184
1988-04-27,13.6,19.6,8.8,1.5,0.184
1988-05-16,12.6,22.5,0.4,2.2,0.235
1988-05-18,15.0,24.1,0.9,2.8,0.235
1988-05-22,14.2,22.4,1.2,2.5,0.235
1988-05-24,16.6,21.8,0.2,2.8,0.235
1988-05-31,18.4,26.1,0.2,3.1,0.235
1988-06-04,19.2,22.4,1.2,1.1,0.057
1988-06-07,13.3,22.4,3.4,3.2,0.057
1988-06-08,16.3,19.6,7.4,1.0,0.057
1988-06-16,19.8,33.4,1.1,4.9,0.057
1988-06-17,19.1,26.5,0.2,3.1,0.057
1988-06-18,19.3,23.2,3.3,1.7,0.057
1988-06-19,19.2,26.4,0.1,5.1,0.057
1988-06-27,18.7,27.0,1.1,3.3,0.057
1988-07-20,18.5,28.7,0.4,3.0,0.006
1988-07-21,22.0,28.8,0.7,2.2,0.006
1988-07-22,23.2,29.2,0.1,2.2,0.006
1988-08-31,24.8,31.4,0.2,3.3,0.0
1988-09-08,22.5,28.9,4.9,5.1,0.05
1988-09-10,17.7,28.5,0.0,4.0,0.05
1988-09-11,24.4,29.0,0.1,4.3,0.05
1988-09-14,23.0,29.5,1.8,3.5,0.05
1988-09-15,18.8,26.0,0.2,7.0,0.05
1988-09-16,17.7,22.5,29.0,2.3,0.05
1988-09-17,14.7,23.1,0.8,4.3,0.05
1988-09-19,14.7,24.4,3.5,2.3,0.05
1988-09-20,15.1,23.7,1.4,2.8,0.05
1988-09-21,16.1,23.7,2.2,2.3,0.05
1988-10-12,23.0,27.0,0.8,1.9,0.67
1988-10-19,22.0,27.0,27.1,3.0,0.67
1988-10-20,16.8,24.1,0.9,2.8,0.67
1988-10-21,16.2,21.0,7.5,3.8,0.67
1988-10-22,13.6,20.7,8.1,2.9,0.67
1988-10-24,15.5,22.5,0.2,3.8,0.67
1988-10-30,14.0,23.4,0.2,1.9,0.67
1988-10-31,16.8,24.6,0.3,4.5,0.67
1988-11-04,14.0,22.5,8.4,1.9,1.034
1988-11-07,13.4,22.6,3.9,1.8,1.034
1988-11-08,18.2,21.5,4.4,2.2,1.034
1988-11-09,19.0,23.5,0.7,1.8,1.034
1988-11-13,19.9,22.3,0.8,1.8,1.034
1988-11-14,15.7,22.0,0.2,1.6,1.034
1988-11-15,15.5,20.8,7.2,4.0,1.034
1988-11-17,13.5,18.1,0.4,2.3,1.034
1988-11-19,8.7,19.4,7.5,2.8,1.034
1988-11-21,9.5,21.6,1.7,4.2,1.034
1988-11-22,11.0,13.8,3.7,2.4,1.034
1988-11-23,9.2,14.6,3.8,2.1,1.034
1988-11-24,7.3,12.8,0.7,3.2,1.034
1988-11-25,6.4,13.5,2.2,3.7,1.034
1988-11-28,10.7,16.5,0.8,2.8,1.034
1988-11-30,9.5,18.5,1.7,3.3,1.034
1988-12-01,14.0,17.4,5.7,1.5,0.287
1988-12-02,10.5,17.2,2.0,3.2,0.287
1988-12-04,11.5,17.3,0.9,5.2,0.287
1988-12-07,10.0,15.4,5.5,2.9,0.287
1988-12-08,8.0,13.0,7.5,5.1,0.287
1988-12-09,7.5,12.3,4.7,4.4,0.287
1988-12-12,8.5,16.5,0.2,2.0,0.287
1988-12-14,6.8,16.5,3.0,1.4,0.287
1988-12-15,7.6,13.4,11.8,2.2,0.287
1988-12-16,7.0,11.0,3.2,7.2,0.287
1988-12-17,4.1,10.6,0.1,3.6,0.287
1988-12-19,4.6,13.8,0.0,2.5,0.287
1988-12-20,7.1,14.3,1.7,1.7,0.287
1988-12-21,6.2,14.4,20.2,1.1,0.287
1988-12-22,9.3,13.5,0.3,1.6,0.287
1988-12-27,5.6,15.8,0.5,1.3,0.287
1989-01-01,8.2,15.9,0.3,1.7,0.353
1989-01-03,8.0,15.2,2.6,1.3,0.353
1989-01-04,10.4,13.6,0.8,1.3,0.353
1989-01-05,7.7,14.5,0.4,0.9,0.353
1989-01-06,7.2,14.0,0.1,1.8,0.353
1989-01-21,10.0,16.0,8.0,1.6,0.353
1989-01-22,8.0,13.8,9.4,1.3,0.353
1989-01-23,8.7,12.9,0.9,1.4,0.353
1989-01-24,8.8,13.8,18.2,1.0,0.353
1989-01-25,9.4,15.1,0.0,0.8,0.353
1989-01-27,5.8,15.0,0.1,2.0,0.353
1989-01-28,9.9,13.8,7.9,0.9,0.353
1989-01-29,7.0,13.9,0.4,1.4,0.353
1989-01-30,8.5,14.8,0.2,1.1,0.353
1989-02-10,6.0,14.3,3.2,2.3,0.188
1989-02-11,8.7,14.4,7.5,1.0,0.188
1989-02-13,7.0,15.4,0.3,3.0,0.188
1989-02-14,9.4,15.5,4.5,3.0,0.188
1989-02-15,6.4,12.6,6.6,2.8,0.188
1989-02-24,9.5,17.5,0.3,1.8,0.188
1989-02-25,12.2,17.8,0.2,4.9,0.188
1989-02-26,12.6,18.9,1.2,3.9,0.188
1989-02-27,9.4,15.0,2.6,4.2,0.188
1989-02-28,9.4,17.9,0.2,3.0,0.188
1989-03-08,6.4,16.4,4.5,2.3,0.052
1989-03-09,8.8,14.5,7.4,2.5,0.052
1989-03-15,11.0,17.5,0.0,2.4,0.052
1989-03-19,14.5,18.2,0.1,2.4,0.052
1989-03-21,11.6,18.0,2.2,3.4,0.052
1989-03-22,11.0,17.8,2.7,2.1,0.052
1989-04-12,12.5,21.0,17.1,3.5,0.136
1989-04-13,11.0,19.0,2.8,5.3,0.136
1989-04-14,10.0,18.0,4.0,5.3,0.136
1989-04-27,12.5,21.0,0.4,6.2,0.136
1989-04-28,10.7,21.2,7.2,3.2,0.136
1989-04-29,8.3,15.1,3.9,3.1,0.136
1989-04-30,8.8,16.5,1.2,3.2,0.136
1989-05-02,12.3,17.4,0.2,3.5,0.012
1989-05-03,13.1,18.2,0.4,3.1,0.012
1989-05-14,15.7,22.7,0.2,5.8,0.012
1989-05-17,13.0,22.6,0.1,4.4,0.012
1989-06-05,14.6,21.8,4.5,3.2,0.016
1989-06-23,21.0,26.2,3.2,3.2,0.016
1989-07-02,19.6,28.8,0.0,4.9,0.0
1989-07-03,21.0,27.0,1.4,5.6,0.0
1989-07-12,24.2,30.5,1.1,6.2,0.0
1989-07-13,21.3,26.9,0.4,3.3,0.0
1989-08-30,20.5,27.6,0.0,6.7,0.047
1989-08-31,18.8,28.4,4.2,3.5,0.047
1989-09-01,21.0,26.2,14.8,1.6,0.075
1989-09-04,20.7,28.1,0.7,3.9,0.075
1989-09-05,20.0,26.7,0.1,3.2,0.075
1989-09-06,24.0,27.4,0.0,2.0,0.075
1989-09-08,25.1,28.6,0.1,2.0,0.075
1989-09-21,23.3,28.5,0.1,4.7,0.075
1989-09-22,23.5,27.7,0.1,3.4,0.075
1989-09-27,19.0,27.1,1.5,5.2,0.075
1989-09-28,18.3,26.2,2.2,6.3,0.075
1989-09-29,17.8,25.5,0.4,4.3,0.075
1989-09-30,16.0,26.4,5.2,3.6,0.075
1989-10-02,16.4,23.6,5.7,3.5,0.196
1989-10-03,14.8,24.0,0.2,3.0,0.196
1989-10-07,13.4,24.5,5.3,3.8,0.196
1989-10-08,16.1,22.4,2.2,4.0,0.196
1989-10-09,14.4,20.9,5.9,4.7,0.196
1989-10-10,13.8,21.0,0.1,4.4,0.196
1989-10-12,12.1,22.3,1.4,3.5,0.196
1989-10-13,17.4,20.5,24.7,2.0,0.196
1989-10-22,16.0,23.5,1.4,3.0,0.196
1989-10-23,18.3,22.3,21.4,3.5,0.196
1989-11-04,17.0,22.5,1.3,3.4,0.029
1989-11-05,13.8,19.7,0.4,2.8,0.029
1989-11-06,11.8,18.4,0.4,5.3,0.029
1989-11-07,9.0,18.0,6.2,3.5,0.029
1989-11-18,17.9,22.5,2.4,3.0,0.029
1989-11-19,16.6,20.5,0.1,1.1,0.029
1989-11-26,11.1,20.8,7.5,2.0,0.029
1989-11-27,14.3,17.4,0.3,1.3,0.029
1989-11-28,12.7,17.8,0.4,1.6,0.029
1989-11-30,9.3,19.6,3.3,1.3,0.029
1989-12-02,13.8,15.2,1.8,3.3,4.234
1989-12-03,12.2,16.4,28.1,1.8,4.234
1989-12-04,15.4,18.9,1.7,2.2,4.234
1989-12-06,14.1,20.7,0.3,1.5,4.234
1989-12-07,14.5,20.3,0.1,1.5,4.234
1989-12-09,14.0,18.8,2.1,2.0,4.234
1989-12-10,13.5,16.9,3.6,1.1,4.234
1989-12-26,7.8,18.3,0.1,1.5,4.234
1989-12-27,8.7,17.2,0.6,2.9,4.234
1989-12-30,11.4,16.1,33.1,2.1,4.234
1989-12-31,12.6,15.2,15.2,1.5,4.234
1990-01-01,11.8,15.7,3.0,2.5,14.618
1990-01-02,9.5,15.0,3.6,2.3,14.618
1990-01-04,7.7,15.4,50.9,1.4,14.618
1990-01-05,9.8,14.7,2.0,2.8,14.618
1990-01-06,9.7,15.3,6.6,1.5,14.618
1990-01-09,9.3,17.1,0.2,1.7,14.618
1990-01-10,11.7,14.7,12.2,1.5,14.618
1990-01-11,11.4,14.4,23.1,1.3,14.618
1990-01-12,12.5,17.4,0.2,3.0,14.618
1990-01-13,11.6,15.2,35.8,1.3,14.618
1990-01-16,8.7,16.5,1.7,1.8,14.618
1990-01-18,8.0,15.8,0.7,1.7,14.618
1990-01-19,8.2,14.8,5.2,1.8,14.618
1990-01-22,11.9,14.0,13.3,2.7,14.618
1990-01-23,11.1,13.3,8.4,1.7,14.618
1990-01-29,12.1,16.0,1.8,1.5,14.618
1990-01-30,12.0,16.2,0.3,2.7,14.618
1990-02-01,10.0,16.5,1.0,2.3,0.133
1990-02-11,6.0,17.3,0.6,1.8,0.133
1990-02-12,9.2,17.3,1.2,3.1,0.133
1990-03-04,11.1,14.0,3.0,3.0,0.098
1990-03-05,6.3,14.5,0.4,3.9,0.098
1990-03-06,7.3,13.2,3.2,1.3,0.098
1990-03-09,14.0,17.8,1.3,3.3,0.098
1990-03-15,10.8,17.2,0.2,0.8,0.098
1990-03-16,10.2,18.4,0.6,1.2,0.098
1990-03-17,10.5,18.7,0.2,1.7,0.098
1990-03-19,9.2,18.3,1.9,2.0,0.098
1990-03-20,11.0,18.0,0.6,2.3,0.098
1990-03-25,13.5,21.3,0.9,3.2,0.098
1990-03-26,12.0,17.0,2.7,2.8,0.098
1990-03-27,8.3,16.0,0.1,4.2,0.098
1990-03-29,6.5,17.0,0.7,3.8,0.098
1990-03-30,7.8,14.0,1.5,1.0,0.098
1990-04-01,8.9,17.8,0.8,2.8,0.043
1990-04-02,14.0,17.4,7.5,1.6,0.043
1990-04-07,14.6,22.6,0.7,4.3,0.043
1990-04-08,15.2,18.4,6.2,0.9,0.043
1990-04-09,14.8,24.5,0.1,2.5,0.043
1990-04-10,11.5,18.1,0.7,6.2,0.043
1990-04-11,13.0,17.8,14.1,5.9,0.043
1990-04-12,11.2,17.0,3.5,3.2,0.043
1990-04-14,9.6,18.6,0.0,3.8,0.043
1990-04-15,14.0,18.9,1.7,5.6,0.043
1990-04-18,8.1,18.4,0.2,4.9,0.043
1990-04-19,7.2,15.6,1.5,4.0,0.043
1990-04-20,8.9,18.0,1.0,2.9,0.043
1990-04-24,11.5,17.0,1.6,1.6,0.043
1990-04-25,12.4,17.3,3.3,1.0,0.043
1990-04-29,15.5,19.5,4.6,2.3,0.043
1990-04-30,13.6,18.5,0.8,3.5,0.043
1990-05-08,11.6,19.4,25.6,1.2,0.044
1990-05-10,14.8,20.9,0.1,2.5,0.044
1990-05-11,16.9,19.4,4.8,1.5,0.044
1990-05-21,19.5,27.5,0.0,3.2,0.044
1990-05-27,15.1,26.0,0.4,3.8,0.044
1990-05-28,19.0,23.4,10.6,2.4,0.044
1990-05-29,16.8,21.0,1.1,2.9,0.044
1990-06-05,19.9,24.5,0.9,2.4,0.064
1990-06-14,17.1,25.3,0.1,2.8,0.064
1990-06-16,18.8,26.5,0.4,4.2,0.064
1990-06-17,19.6,24.5,0.3,2.1,0.064
1990-06-21,20.6,28.5,1.0,4.5,0.064
1990-07-12,20.1,28.7,0.2,4.7,0.101
1990-07-13,18.7,24.0,7.4,1.3,0.101
1990-08-03,21.8,29.2,0.1,2.3,0.08
1990-08-04,22.1,29.1,0.1,2.9,0.08
1990-09-01,25.5,29.2,0.1,2.4,0.0
1990-09-09,20.8,29.5,1.4,3.6,0.0
1990-10-03,24.5,28.3,1.1,4.4,0.467
1990-10-05,19.4,27.5,0.1,4.6,0.467
1990-10-07,19.0,28.3,1.6,3.1,0.467
1990-10-08,17.0,27.9,0.1,1.7,0.467
1990-10-16,24.0,26.6,39.8,2.0,0.467
1990-10-18,20.0,26.0,0.2,2.9,0.467
1990-10-19,23.4,26.6,1.0,4.1,0.467
1990-10-20,19.3,25.0,0.2,3.3,0.467
1990-10-23,19.4,25.5,1.1,3.7,0.467
1990-10-28,18.0,22.0,0.5,2.3,0.467
1990-10-29,17.2,22.3,0.7,3.0,0.467
1990-11-03,16.6,23.6,13.9,2.2,0.072
1990-11-04,15.6,22.2,0.6,2.9,0.072
1990-11-06,11.3,21.0,0.1,1.9,0.072
1990-11-07,13.5,18.8,0.3,2.9,0.072
1990-11-10,10.6,21.5,3.1,4.2,0.072
1990-11-11,17.6,20.8,1.6,2.5,0.072
1990-11-12,13.9,19.4,5.0,1.9,0.072
1990-11-15,13.7,20.0,3.4,3.9,0.072
1990-11-16,10.0,20.0,0.1,2.6,0.072
1990-11-17,12.0,21.0,3.5,1.4,0.072
1990-11-18,15.2,20.5,0.5,4.1,0.072
1990-11-23,14.0,19.5,13.8,3.0,0.072
1990-11-30,9.3,14.3,9.9,2.6,0.072
1990-12-01,8.5,12.6,8.7,2.7,7.294
1990-12-02,8.6,13.9,10.8,3.2,7.294
1990-12-03,8.8,14.5,21.5,2.0,7.294
1990-12-04,6.5,14.7,1.5,2.6,7.294
1990-12-05,7.8,14.9,3.8,2.7,7.294
1990-12-06,7.9,12.8,16.7,3.3,7.294
1990-12-09,11.2,18.0,0.1,3.7,7.294
1990-12-12,5.4,14.8,11.1,2.6,7.294
1990-12-13,7.6,12.8,8.8,2.9,7.294
1990-12-14,5.6,12.2,2.1,2.4,7.294
1990-12-15,7.4,12.2,0.3,2.0,7.294
1990-12-16,6.0,15.5,0.7,2.4,7.294
1990-12-21,7.8,15.3,0.4,2.1,7.294
1990-12-22,12.0,16.0,21.5,0.8,7.294
1990-12-23,9.0,16.2,97.8,0.5,7.294
1990-12-24,6.4,15.0,3.4,4.1,7.294
1990-12-25,10.5,16.1,1.9,1.7,7.294
1990-12-27,6.8,15.2,4.9,1.2,7.294
1991-01-13,8.9,16.3,1.9,1.3,13.819
1991-01-14,7.6,12.0,18.5,1.6,13.819
1991-01-15,8.0,15.8,1.4,1.5,13.819
1991-01-16,8.7,16.7,0.1,1.1,13.819
1991-01-17,9.2,14.5,4.0,1.9,13.819
1991-01-18,8.6,12.9,0.1,3.4,13.819
1991-01-19,7.2,13.3,0.6,2.3,13.819
1991-01-22,4.6,13.1,28.1,1.3,13.819
1991-01-23,8.6,12.9,107.4,1.0,13.819
1991-01-24,8.6,13.1,19.2,0.3,13.819
1991-01-26,12.3,14.4,26.2,1.6,13.819
1991-01-29,8.5,13.2,0.1,2.4,13.819
1991-02-01,6.1,12.4,1.3,0.9,3.045
1991-02-02,4.8,12.1,0.5,2.1,3.045
1991-02-03,9.2,12.1,3.0,2.6,3.045
1991-02-04,10.0,14.6,1.2,1.9,3.045
1991-02-05,8.0,12.3,13.0,1.2,3.045
1991-02-06,7.6,13.3,0.0,1.7,3.045
1991-02-08,10.3,17.4,1.8,2.1,3.045
1991-02-11,8.2,15.8,0.6,1.6,3.045
1991-02-12,8.4,13.2,1.0,3.2,3.045
1991-02-13,7.2,10.2,4.3,0.8,3.045
1991-02-14,7.7,11.0,4.9,2.0,3.045
1991-02-15,5.8,9.3,10.3,2.9,3.045
1991-02-17,4.1,14.7,0.0,3.3,3.045
1991-02-20,13.1,16.0,0.1,1.4,3.045
1991-02-21,8.6,14.5,3.3,1.7,3.045
1991-02-28,9.8,17.7,0.1,2.1,3.045
1991-03-02,13.3,15.6,3.2,0.9,0.294
1991-03-08,15.2,19.3,0.0,3.1,0.294
1991-03-14,13.5,15.6,0.9,2.5,0.294
1991-03-15,12.3,13.7,8.0,1.3,0.294
1991-03-24,13.7,17.7,0.1,1.5,0.294
1991-03-30,13.0,17.5,6.7,1.3,0.294
1991-03-31,12.8,14.5,3.1,2.1,0.294
1991-04-04,8.1,20.0,9.2,2.1,0.7
1991-04-05,8.3,16.1,2.4,2.4,0.7
1991-04-06,7.9,14.1,20.9,2.4,0.7
1991-04-11,10.0,18.0,0.1,1.4,0.7
1991-04-14,14.1,17.0,0.4,1.3,0.7
1991-04-17,14.6,19.9,4.7,1.7,0.7
1991-04-18,12.0,17.1,0.0,3.9,0.7
1991-04-20,11.4,18.4,21.3,1.5,0.7
1991-04-25,7.2,17.7,18.5,2.3,0.7
1991-04-26,9.8,17.0,2.0,2.9,0.7
1991-04-28,8.8,18.4,0.1,2.3,0.7
1991-04-29,10.2,18.3,2.2,3.7,0.7
1991-05-05,9.6,18.9,1.5,2.4,0.022
1991-05-06,12.2,19.8,0.0,4.4,0.022
1991-05-14,12.4,17.7,8.7,1.9,0.022
1991-05-30,16.7,20.3,0.1,1.6,0.022
1991-05-31,16.8,21.5,0.1,1.8,0.022
1991-06-01,16.7,21.2,9.4,2.7,0.005
1991-06-03,14.9,22.0,0.0,2.1,0.005
1991-09-04,20.8,29.0,52.9,3.0,0.072
1991-09-05,19.7,28.3,0.7,2.4,0.072
1991-09-06,23.1,28.4,8.2,3.1,0.072
1991-09-07,21.7,26.9,4.0,1.2,0.072
1991-09-13,22.7,29.6,0.3,2.5,0.072
1991-09-14,21.7,28.6,1.4,2.6,0.072
1991-09-17,20.3,26.9,2.5,2.5,0.072
1991-09-28,20.2,27.4,0.6,2.6,0.072
1991-10-06,19.5,26.8,1.6,3.3,0.133
1991-10-07,18.5,23.1,16.4,3.4,0.133
1991-10-11,23.4,25.6,12.2,1.3,0.133
1991-10-14,17.5,26.5,0.8,2.9,0.133
1991-10-16,17.4,24.0,0.9,1.4,0.133
1991-10-19,15.4,24.7,22.7,2.5,0.133
1991-10-20,12.7,19.8,25.2,2.1,0.133
1991-10-21,11.4,18.0,13.7,1.6,0.133
1991-10-26,20.8,24.4,0.5,1.1,0.133
1991-10-27,18.4,23.0,1.9,1.2,0.133
1991-10-28,15.6,19.6,11.2,0.7,0.133
1991-10-30,15.0,20.0,1.3,2.6,0.133
1991-10-31,13.2,20.8,1.2,1.9,0.133
1991-11-01,14.6,20.5,0.1,2.0,1.634
1991-11-06,13.8,19.1,12.9,2.9,1.634
1991-11-07,10.5,16.0,14.8,4.1,1.634
1991-11-10,11.9,18.9,0.1,2.5,1.634
1991-11-16,13.6,21.7,5.1,3.5,1.634
1991-11-17,13.1,16.3,5.0,2.8,1.634
1991-11-18,13.2,19.1,0.2,1.9,1.634
1991-11-20,12.0,21.4,0.1,2.3,1.634
1991-11-23,10.5,16.6,90.4,2.3,1.634
1991-11-24,11.1,16.0,0.3,2.7,1.634
1991-11-30,14.3,19.4,3.9,1.3,1.634
1991-12-01,12.6,17.8,32.3,0.8,4.209
1991-12-02,12.2,15.8,1.6,1.6,4.209
1991-12-03,10.6,14.5,81.1,1.0,4.209
1991-12-04,12.0,13.9,11.5,0.7,4.209
1991-12-05,10.1,15.7,2.1,1.1,4.209
1991-12-06,10.5,16.0,2.7,4.5,4.209
1991-12-08,8.0,13.7,1.6,2.3,4.209
1991-12-09,5.6,14.2,2.4,3.2,4.209
1991-12-11,8.5,11.0,0.2,1.1,4.209
1991-12-12,7.4,10.3,1.9,1.0,4.209
1991-12-14,6.2,14.5,0.2,1.2,4.209
1991-12-15,6.2,11.9,9.5,0.5,4.209
1991-12-17,7.1,15.6,7.9,1.5,4.209
1991-12-18,8.8,15.5,0.2,2.8,4.209
1991-12-19,10.2,15.7,0.2,4.5,4.209
1991-12-20,13.0,17.1,8.1,5.5,4.209
1991-12-21,7.3,13.8,2.8,5.6,4.209
1991-12-22,11.6,15.5,0.3,3.2,4.209
1991-12-25,11.0,15.0,13.5,3.1,4.209
1991-12-26,7.3,12.5,0.1,4.0,4.209
1991-12-27,6.8,13.7,5.5,3.2,4.209
1991-12-29,7.7,12.0,1.5,3.1,4.209
1991-12-30,8.5,12.9,0.4,2.1,4.209
1992-01-19,9.6,14.2,0.6,2.1,0.996
1992-01-24,12.1,16.7,14.9,1.0,0.996
1992-01-25,9.4,15.1,0.2,2.0,0.996
1992-01-26,9.4,15.5,9.2,1.4,0.996
1992-01-27,10.0,15.0,25.4,1.7,0.996
1992-01-28,11.5,13.5,1.0,2.5,0.996
1992-02-01,8.0,15.0,0.4,2.4,2.535
1992-02-04,5.6,15.5,0.7,4.2,2.535
1992-02-07,6.9,16.0,0.6,1.0,2.535
1992-02-08,11.2,16.6,4.7,0.9,2.535
1992-02-13,6.6,18.3,0.9,3.1,2.535
1992-02-14,7.5,14.0,10.3,3.1,2.535
1992-02-18,9.0,13.6,1.4,2.9,2.535
1992-02-19,6.0,11.2,26.5,1.2,2.535
1992-02-20,9.3,10.9,14.0,1.5,2.535
1992-02-21,9.0,10.7,0.7,3.9,2.535
1992-02-22,8.0,12.7,0.2,3.5,2.535
1992-02-27,7.5,16.5,15.9,1.3,2.535
1992-02-28,11.4,13.2,1.3,2.4,2.535
1992-02-29,10.2,16.0,1.0,0.9,2.535
1992-03-06,13.3,17.8,0.2,1.2,0.383
1992-03-07,12.8,16.0,6.8,1.0,0.383
1992-03-08,12.0,15.9,0.2,0.8,0.383
1992-03-09,12.0,14.2,4.2,1.4,0.383
1992-03-11,9.6,15.0,4.2,2.1,0.383
1992-03-12,8.1,15.4,0.1,2.3,0.383
1992-03-27,8.9,14.8,0.0,3.5,0.383
1992-03-28,6.9,14.7,2.3,4.5,0.383
1992-03-29,8.9,16.0,1.7,2.1,0.383
1992-04-05,11.9,19.3,2.5,3.0,2.116
1992-04-06,11.4,17.5,3.0,1.3,2.116
1992-04-07,8.2,17.2,1.8,2.3,2.116
1992-04-08,10.8,18.1,3.9,2.9,2.116
1992-04-09,11.1,16.0,4.2,1.8,2.116
1992-04-10,10.5,16.3,24.3,1.7,2.116
1992-04-11,10.4,15.8,5.1,2.1,2.116
1992-04-16,10.0,18.3,11.0,1.6,2.116
1992-04-17,9.6,14.0,0.7,2.3,2.116
1992-04-18,6.9,14.5,6.3,3.6,2.116
1992-04-22,13.9,18.3,0.0,1.2,2.116
1992-04-29,15.1,22.5,11.3,3.2,2.116
1992-05-01,9.7,14.5,1.7,1.8,0.166
1992-05-02,9.0,18.1,0.0,2.2,0.166
1992-05-05,15.1,19.0,2.6,3.1,0.166
1992-05-22,14.7,22.6,0.2,1.8,0.166
1992-05-23,16.8,22.0,4.6,0.7,0.166
1992-05-24,15.5,21.8,11.9,1.2,0.166
1992-05-25,16.0,17.6,6.3,1.5,0.166
1992-05-26,15.6,22.5,0.2,2.6,0.166
1992-06-10,15.7,24.5,0.1,4.9,0.045
1992-06-16,17.1,25.2,0.0,3.8,0.045
1992-06-18,17.2,24.5,0.2,4.9,0.045
1992-07-01,16.0,23.4,10.5,2.4,0.271
1992-07-02,17.9,22.4,46.7,1.2,0.271
1992-07-09,19.0,25.9,0.2,3.8,0.271
1992-08-15,20.1,31.4,12.6,4.0,0.0
1992-09-28,23.3,27.9,0.8,1.7,0.323
1992-10-03,17.8,26.7,13.4,2.6,0.71
1992-10-04,17.1,26.1,0.2,5.4,0.71
1992-10-11,19.9,24.4,1.6,4.2,0.71
1992-10-13,16.8,25.3,37.0,3.1,0.71
1992-10-14,15.8,22.5,0.2,3.0,0.71
1992-10-15,16.0,22.9,0.7,2.9,0.71
1992-10-22,17.8,21.8,16.9,2.0,0.71
1992-10-23,13.6,19.3,1.0,3.1,0.71
1992-10-24,12.3,22.7,1.0,3.6,0.71
1992-11-03,15.0,22.2,8.6,2.2,0.614
1992-11-04,15.6,21.3,21.8,1.9,0.614
1992-11-05,14.0,21.5,5.7,1.5,0.614
1992-11-17,14.2,18.6,2.6,2.4,0.614
1992-11-18,8.7,13.5,6.8,4.0,0.614
1992-11-19,10.8,18.3,0.5,4.2,0.614
1992-12-05,11.5,20.7,4.1,3.4,1.503
1992-12-06,11.4,17.0,0.9,4.2,1.503
1992-12-09,7.6,13.3,4.5,2.1,1.503
1992-12-10,9.0,16.1,2.4,2.2,1.503
1992-12-11,9.0,16.6,0.4,1.6,1.503
1992-12-12,9.5,15.9,2.4,1.5,1.503
1992-12-13,10.8,15.5,0.9,1.8,1.503
1992-12-15,9.7,18.5,0.5,2.0,1.503
1992-12-17,8.8,17.7,47.9,1.2,1.503
1992-12-26,12.6,17.5,36.2,1.3,1.503
1992-12-27,12.0,14.9,2.1,2.6,1.503
1992-12-28,7.0,12.3,3.6,1.6,1.503
1992-12-29,4.1,11.2,1.8,1.2,1.503
1992-12-30,4.5,11.2,0.2,1.1,1.503
1992-12-31,4.8,13.0,2.6,1.4,1.503
1993-01-01,7.5,14.7,11.5,2.0,5.05
1993-01-02,7.4,10.5,1.7,2.1,5.05
1993-01-03,5.0,9.7,10.2,1.1,5.05
1993-01-04,4.5,10.0,12.9,1.4,5.05
1993-01-05,4.2,14.8,0.4,2.3,5.05
1993-01-31,8.7,17.0,0.0,3.4,5.05
1993-02-04,10.8,16.2,0.1,3.9,1.657
1993-02-05,13.5,17.0,0.1,2.6,1.657
1993-02-08,9.5,17.0,0.0,2.2,1.657
1993-02-09,11.4,16.4,45.7,0.8,1.657
1993-02-11,9.5,16.2,6.0,1.3,1.657
1993-02-13,9.9,15.5,12.5,1.1,1.657
1993-02-15,5.5,15.5,0.6,1.9,1.657
1993-02-16,7.4,13.4,0.2,3.6,1.657
1993-02-18,5.4,13.4,4.3,3.0,1.657
1993-02-19,6.7,14.5,4.0,2.6,1.657
1993-02-21,7.9,14.5,5.4,4.0,1.657
1993-02-22,6.9,12.5,4.0,3.3,1.657
1993-02-23,5.3,8.5,4.6,0.8,1.657
1993-02-24,3.9,10.0,13.3,1.3,1.657
1993-02-25,2.2,10.8,7.8,2.0,1.657
1993-02-27,6.5,14.7,9.7,3.9,1.657
1993-02-28,5.8,15.0,9.2,3.5,1.657
1993-03-01,7.6,15.0,4.1,6.6,1.397
1993-03-03,4.6,14.8,0.1,2.8,1.397
1993-03-04,7.2,16.0,0.9,2.4,1.397
1993-03-05,6.9,13.0,3.2,3.7,1.397
1993-03-07,8.5,15.0,6.7,2.8,1.397
1993-03-08,6.8,13.1,0.1,2.1,1.397
1993-03-09,5.1,13.5,4.7,3.4,1.397
1993-03-10,8.5,10.0,18.9,0.8,1.397
1993-03-12,8.0,15.3,1.0,1.6,1.397
1993-03-14,12.4,14.6,3.9,1.3,1.397
1993-03-17,8.1,17.0,1.0,1.6,1.397
1993-03-25,12.0,21.1,9.5,1.8,1.397
1993-03-26,9.8,12.9,12.4,2.6,1.397
1993-03-27,5.4,12.0,4.8,4.5,1.397
1993-04-03,9.1,15.7,0.9,2.8,0.023
1993-04-04,8.7,18.8,0.3,3.0,0.023
1993-04-16,13.0,19.7,2.2,3.2,0.023
1993-04-27,15.8,20.2,2.7,2.6,0.023
1993-04-28,12.5,15.1,2.2,1.0,0.023
1993-05-01,12.5,20.3,1.1,2.5,0.947
1993-05-02,13.2,20.0,0.4,2.7,0.947
1993-05-05,9.3,19.4,4.3,2.7,0.947
1993-05-06,12.8,15.8,45.1,1.1,0.947
1993-05-07,12.8,19.6,0.9,2.1,0.947
1993-05-10,13.0,22.9,0.1,4.3,0.947
1993-05-11,16.3,24.2,4.6,2.1,0.947
1993-05-12,16.9,21.5,3.3,1.4,0.947
1993-05-13,15.4,22.8,1.9,4.1,0.947
1993-06-09,20.0,26.5,0.4,2.7,0.005
1993-06-21,21.4,25.3,0.1,1.4,0.005
1993-08-16,24.7,29.0,0.5,5.0,0.026
1993-09-04,19.4,29.0,39.1,2.5,0.524
1993-09-09,24.7,30.3,0.0,3.1,0.524
1993-09-10,24.3,29.9,0.8,5.0,0.524
1993-09-14,21.5,28.5,2.0,4.5,0.524
1993-09-24,17.9,25.7,4.7,2.2,0.524
1993-09-28,18.5,25.1,35.6,1.9,0.524
1993-10-01,22.8,26.3,0.2,1.4,6.934
1993-10-03,17.0,20.5,6.2,5.2,6.934
1993-10-04,14.9,23.3,2.4,3.3,6.934
1993-10-21,17.7,23.0,2.6,2.3,6.934
1993-10-22,15.5,20.9,14.2,3.1,6.934
1993-10-25,17.4,21.6,5.3,2.5,6.934
1993-10-26,18.5,22.5,1.6,2.1,6.934
1993-10-27,17.7,23.0,12.0,2.1,6.934
1993-10-28,18.8,23.7,3.0,2.3,6.934
1993-10-29,17.5,22.5,21.9,1.7,6.934
1993-10-30,20.1,23.4,0.1,2.3,6.934
1993-10-31,19.1,22.7,11.0,2.2,6.934
1993-11-04,18.7,24.2,10.6,3.2,0.649
1993-11-06,16.5,23.5,0.1,2.8,0.649
1993-11-07,14.9,23.5,0.6,2.6,0.649
1993-11-15,12.5,19.5,0.9,4.9,0.649
1993-11-16,12.0,17.2,0.1,4.1,0.649
1993-11-19,10.4,16.5,0.2,3.5,0.649
1993-11-20,9.0,17.2,0.1,1.5,0.649
1993-11-21,9.2,17.5,0.5,3.2,0.649
1993-11-24,14.7,19.9,7.2,2.5,0.649
1993-11-25,14.4,17.8,21.9,1.6,0.649
1993-11-27,12.8,18.2,7.6,2.1,0.649
1993-11-28,13.5,17.5,5.1,2.2,0.649
1993-11-30,11.0,18.5,2.4,1.8,0.649
1993-12-01,12.5,16.5,3.1,1.5,0.274
1993-12-02,10.0,15.5,4.0,1.8,0.274
1993-12-03,9.5,16.5,2.1,1.5,0.274
1993-12-04,10.0,17.0,5.8,2.2,0.274
1993-12-14,12.4,19.5,0.4,2.5,0.274
1993-12-24,7.7,17.5,2.1,2.4,0.274
1993-12-25,8.6,14.6,3.2,3.2,0.274
1993-12-26,8.0,12.9,7.1,4.8,0.274
1993-12-29,8.6,12.4,7.7,1.1,0.274
1993-12-30,8.2,15.2,0.0,2.4,0.274
1994-01-01,7.2,17.0,1.0,4.8,1.155
1994-01-08,11.0,15.9,20.0,1.1,1.155
1994-01-09,11.0,13.7,12.6,2.0,1.155
1994-01-10,9.9,18.0,0.2,1.6,1.155
1994-01-11,8.4,13.5,11.8,2.4,1.155
1994-01-12,7.4,14.7,5.8,2.9,1.155
1994-01-16,10.0,15.6,1.3,1.8,1.155
1994-01-17,8.5,15.5,3.0,0.8,1.155
1994-01-20,11.5,15.8,4.9,2.6,1.155
1994-01-24,9.8,14.9,0.1,2.3,1.155
1994-01-25,7.6,15.5,0.2,1.2,1.155
1994-02-05,6.4,13.6,26.0,2.0,8.504
1994-02-06,7.5,12.4,21.9,5.2,8.504
1994-02-07,9.6,13.3,0.9,4.0,8.504
1994-02-08,7.4,16.5,9.5,2.3,8.504
1994-02-09,8.6,12.8,19.9,1.7,8.504
1994-02-10,9.6,14.3,2.7,3.5,8.504
1994-02-11,8.2,13.8,7.1,3.2,8.504
1994-02-12,8.1,12.0,9.7,0.6,8.504
1994-02-13,7.9,14.5,12.7,1.2,8.504
1994-02-14,7.5,14.4,0.9,2.1,8.504
1994-02-17,12.7,14.5,10.1,1.8,8.504
1994-02-18,8.6,11.9,5.1,3.0,8.504
1994-02-19,10.0,15.0,2.5,2.8,8.504
1994-03-16,9.3,18.0,1.2,1.1,0.046
1994-04-05,11.5,18.4,1.1,7.1,0.09
1994-04-06,9.2,16.6,1.7,6.7,0.09
1994-04-10,10.4,21.8,0.1,3.5,0.09
1994-04-11,10.1,14.0,1.1,2.5,0.09
1994-04-12,8.5,17.0,0.7,4.0,0.09
1994-04-16,13.2,21.7,6.2,1.7,0.09
1994-04-20,9.1,17.1,0.7,1.5,0.09
1994-05-08,9.0,19.8,0.3,1.8,0.136
1994-05-10,14.0,20.1,0.4,3.5,0.136
1994-05-17,15.1,20.4,13.1,2.5,0.136
1994-05-18,15.2,22.4,1.4,3.9,0.136
1994-06-11,17.0,24.8,1.0,6.1,0.082
1994-06-12,14.3,18.5,13.1,0.9,0.082
1994-07-31,22.7,29.4,0.6,2.6,0.004
1994-09-17,21.3,28.6,0.1,5.4,0.0
1994-09-18,17.9,23.4,4.9,3.3,0.0
1994-09-19,16.6,23.1,1.6,6.0,0.0
1994-09-23,24.6,27.8,0.2,2.0,0.0
1994-09-27,22.5,27.9,1.1,1.7,0.0
1994-10-02,21.7,29.4,0.0,2.2,1.508
1994-10-03,19.9,25.8,5.6,2.8,1.508
1994-10-07,18.9,23.6,0.3,4.9,1.508
1994-10-14,16.3,25.6,1.4,3.6,1.508
1994-10-15,17.7,22.5,0.4,1.6,1.508
1994-10-17,16.8,24.0,7.7,2.5,1.508
1994-10-18,16.6,20.4,67.4,0.9,1.508
1994-10-19,17.0,24.8,1.0,2.2,1.508
1994-10-20,15.8,24.5,2.1,2.2,1.508
1994-10-21,17.5,21.1,6.0,5.5,1.508
1994-10-22,17.7,21.0,13.3,2.4,1.508
1994-10-23,18.6,23.4,0.0,2.9,1.508
1994-10-29,20.4,24.4,0.1,1.5,1.508
1994-11-05,20.4,24.0,9.8,2.1,0.508
1994-11-06,14.6,20.2,0.7,1.6,0.508
1994-11-11,15.2,22.6,13.5,2.9,0.508
1994-11-18,16.6,20.7,0.6,4.7,0.508
1994-11-19,16.2,21.0,0.3,3.1,0.508
1994-11-24,12.6,21.9,0.0,1.3,0.508
1994-11-27,14.5,20.4,0.2,1.9,0.508
1994-12-03,11.7,19.2,0.7,2.0,0.147
1994-12-10,11.6,19.8,1.7,2.8,0.147
1994-12-11,14.1,19.6,0.3,1.9,0.147
1994-12-15,14.2,19.3,0.5,3.9,0.147
1994-12-16,12.3,18.2,4.5,2.2,0.147
1994-12-17,11.5,16.9,0.2,1.1,0.147
1994-12-20,8.5,15.1,10.2,1.8,0.147
1994-12-21,7.4,14.3,5.0,3.0,0.147
1994-12-22,9.9,16.3,0.2,2.7,0.147
1994-12-25,6.6,14.3,4.3,2.2,0.147
1994-12-26,8.6,14.0,13.9,1.5,0.147
1994-12-27,9.5,14.1,0.7,2.8,0.147
1995-01-01,12.2,23.7,0.0,4.7,2.311
1995-01-02,11.8,14.2,6.8,5.1,2.311
1995-01-03,3.7,10.9,14.1,3.1,2.311
1995-01-04,3.5,10.6,7.6,2.9,2.311
1995-01-05,2.8,10.7,11.2,2.4,2.311
1995-01-06,5.0,11.7,0.1,1.8,2.311
1995-01-07,7.1,11.3,26.2,1.0,2.311
1995-01-08,8.0,12.0,6.9,3.0,2.311
1995-01-09,9.2,12.3,1.7,3.8,2.311
1995-01-10,7.0,13.8,0.5,3.5,2.311
1995-01-11,10.9,16.1,0.2,4.8,2.311
1995-01-12,10.7,14.7,2.0,3.2,2.311
1995-01-13,5.4,9.8,8.2,3.4,2.311
1995-01-14,3.2,8.2,12.7,2.4,2.311
1995-01-15,4.5,8.5,11.3,1.6,2.311
1995-01-16,5.5,9.6,1.6,0.9,2.311
1995-01-21,9.5,17.1,0.2,1.8,2.311
1995-02-04,9.6,15.5,0.0,3.5,0.068
1995-02-13,10.4,18.2,0.1,1.9,0.068
1995-02-14,10.6,20.0,0.1,3.5,0.068
1995-03-02,9.6,18.2,8.0,4.2,0.364
1995-03-04,8.0,15.2,2.1,2.5,0.364
1995-03-05,5.4,13.5,0.8,2.7,0.364
1995-03-06,8.6,18.0,11.6,2.1,0.364
1995-03-12,14.0,16.3,16.7,3.3,0.364
1995-03-13,10.0,15.3,87.3,1.0,0.364
1995-03-14,10.2,15.5,1.7,2.6,0.364
1995-03-15,7.7,15.7,1.4,2.1,0.364
1995-03-21,9.0,16.1,2.6,4.2,0.364
1995-03-22,8.0,14.4,0.2,5.7,0.364
1995-03-29,8.3,20.5,0.8,5.9,0.364
1995-03-30,10.9,14.4,0.1,7.4,0.364
1995-03-31,6.2,13.3,0.1,7.7,0.364
1995-04-11,9.5,17.7,17.6,1.3,0.084
1995-04-14,13.8,17.5,4.7,2.3,0.084
1995-04-15,10.9,17.9,0.2,2.7,0.084
1995-04-16,7.1,17.7,1.0,4.9,0.084
1995-04-17,10.1,16.4,9.1,3.2,0.084
1995-04-23,14.7,21.3,0.2,2.4,0.084
1995-04-24,13.0,17.5,1.4,2.5,0.084
1995-04-26,12.0,20.2,0.6,4.4,0.084
1995-04-27,10.4,19.1,0.8,2.3,0.084
1995-04-28,11.0,17.8,0.2,1.7,0.084
1995-04-29,13.1,19.0,3.0,3.4,0.084
1995-04-30,13.6,19.7,1.3,2.7,0.084
1995-05-26,16.9,23.5,0.3,2.6,0.0
1995-06-08,19.0,26.6,0.4,5.1,0.026
1995-06-09,19.6,27.7,4.7,4.3,0.026
1995-06-14,16.6,25.1,0.3,3.4,0.026
1995-06-16,19.3,30.0,0.3,3.7,0.026
1995-06-17,19.6,23.6,1.4,2.0,0.026
1995-06-22,21.6,26.9,0.1,2.5,0.026
1995-08-13,24.2,31.0,0.8,5.4,0.029
1995-08-18,20.3,30.8,0.3,4.4,0.029
1995-08-21,20.8,28.6,0.5,2.3,0.029
1995-08-23,22.4,28.4,0.6,2.1,0.029
1995-08-24,25.0,31.0,0.6,2.6,0.029
1995-08-25,22.5,30.1,0.2,6.2,0.029
1995-09-03,22.5,31.2,0.1,4.5,0.165
1995-09-04,24.2,32.7,2.3,4.7,0.165
1995-09-13,23.8,29.3,11.7,2.6,0.165
1995-09-16,23.4,27.5,1.8,2.9,0.165
1995-09-18,23.2,27.5,0.3,2.1,0.165
1995-09-19,24.0,30.6,2.8,2.8,0.165
1995-09-20,21.7,27.0,3.9,3.4,0.165
1995-09-22,19.6,26.6,6.9,2.9,0.165
1995-09-23,19.4,25.0,0.8,2.0,0.165
1995-09-24,19.4,23.5,0.8,1.6,0.165
1995-09-27,18.9,24.4,23.7,2.7,0.165
1995-10-06,20.6,26.7,0.1,3.0,2.958
1995-10-10,16.4,21.3,169.9,2.5,2.958
1995-10-11,15.0,23.3,80.2,3.2,2.958
1995-10-12,18.0,23.7,10.3,2.8,2.958
1995-10-13,20.7,23.3,3.3,1.8,2.958
1995-10-14,18.7,23.6,3.3,1.0,2.958
1995-10-23,15.1,22.8,0.4,2.4,2.958
1995-10-24,16.2,22.1,1.4,1.9,2.958
1995-11-02,14.3,22.8,10.2,3.4,0.641
1995-11-03,14.8,19.6,1.6,5.3,0.641
1995-11-04,15.4,19.5,1.0,5.0,0.641
1995-11-05,11.5,16.8,2.9,5.3,0.641
1995-11-06,9.0,15.8,0.2,4.6,0.641
1995-11-08,12.1,20.7,0.3,2.2,0.641
1995-11-09,13.0,21.3,0.2,2.8,0.641
1995-11-13,14.9,20.5,0.7,3.7,0.641
1995-11-14,13.4,20.5,7.0,2.5,0.641
1995-11-22,7.1,16.6,1.6,3.5,0.641
1995-11-23,13.9,18.0,0.1,2.0,0.641
1995-11-24,12.6,16.3,6.5,1.3,0.641
1995-11-25,12.0,18.0,0.8,1.9,0.641
1995-11-26,11.8,18.3,1.5,3.4,0.641
1995-11-28,12.0,19.5,2.8,1.0,0.641
1995-11-29,11.0,17.9,10.2,2.9,0.641
1995-11-30,13.2,16.5,53.3,1.6,0.641
1995-12-03,10.8,16.2,4.0,1.5,1.622
1995-12-04,10.8,16.0,1.2,1.5,1.622
1995-12-05,9.9,18.0,0.4,3.3,1.622
1995-12-06,10.7,16.1,0.2,2.5,1.622
1995-12-07,8.6,17.9,1.1,3.2,1.622
1995-12-08,12.4,17.5,23.4,2.2,1.622
1995-12-09,11.0,16.5,8.3,1.5,1.622
1995-12-10,10.0,16.6,8.8,1.6,1.622
1995-12-12,12.2,19.1,20.4,1.2,1.622
1995-12-13,11.2,17.4,0.4,1.7,1.622
1995-12-15,14.3,19.3,2.1,4.5,1.622
1995-12-16,13.4,18.0,0.5,1.5,1.622
1995-12-17,11.4,17.6,5.4,1.1,1.622
1995-12-18,11.2,17.5,0.9,2.2,1.622
1995-12-19,11.0,17.0,0.1,2.0,1.622
1995-12-26,12.5,21.7,0.5,2.1,1.622
1995-12-27,13.8,19.9,1.5,2.3,1.622
1995-12-28,12.6,17.8,2.2,1.5,1.622
1995-12-29,13.2,17.6,0.2,1.6,1.622
1995-12-30,10.4,17.0,0.3,1.1,1.622
1995-12-31,13.6,16.4,16.4,1.2,1.622
1996-01-01,12.2,19.1,3.6,2.0,1.596
1996-01-02,14.0,18.2,9.0,3.3,1.596
1996-01-03,11.8,16.8,1.1,3.2,1.596
1996-01-05,9.3,17.1,0.2,2.2,1.596
1996-01-06,12.4,17.6,0.3,2.5,1.596
1996-01-07,9.6,18.5,3.4,2.0,1.596
1996-01-11,14.7,17.0,3.7,1.8,1.596
1996-01-12,12.6,17.5,0.7,2.6,1.596
1996-01-13,12.2,17.6,10.1,2.5,1.596
1996-01-17,9.6,14.5,0.0,2.8,1.596
1996-01-18,9.0,13.4,1.7,3.1,1.596
1996-01-20,5.6,15.8,2.7,3.2,1.596
1996-01-25,10.0,19.0,1.6,1.7,1.596
1996-01-26,11.0,15.6,32.2,1.4,1.596
1996-01-29,13.5,16.7,5.6,1.3,1.596
1996-01-30,11.4,15.2,9.7,1.4,1.596
1996-01-31,12.0,15.9,0.2,2.1,1.596
1996-02-01,12.4,15.0,21.7,1.1,40.182
1996-02-04,12.6,16.3,1.6,1.7,40.182
1996-02-05,9.5,14.7,3.5,2.0,40.182
1996-02-06,7.3,12.0,22.5,2.1,40.182
1996-02-07,8.5,13.5,12.7,3.8,40.182
1996-02-08,7.8,13.2,12.4,3.6,40.182
1996-02-09,7.7,14.6,0.1,4.0,40.182
1996-02-10,5.4,15.6,0.2,2.0,40.182
1996-02-11,8.5,14.0,8.3,1.5,40.182
1996-02-12,9.6,15.0,0.6,2.4,40.182
1996-02-13,7.6,16.0,1.9,2.5,40.182
1996-02-16,9.0,13.2,6.2,1.4,40.182
1996-02-17,8.4,14.7,0.1,4.1,40.182
1996-02-22,4.4,10.9,5.8,3.2,40.182
1996-02-23,5.1,11.5,36.0,2.3,40.182
1996-02-26,12.4,16.9,7.3,3.7,40.182
1996-02-27,10.8,14.0,51.1,2.3,40.182
1996-02-28,10.6,14.5,49.4,1.4,40.182
1996-02-29,9.6,13.0,3.5,1.5,40.182
1996-03-02,9.1,15.7,3.4,2.3,14.47
1996-03-03,8.5,14.0,9.5,1.3,14.47
1996-03-04,8.0,14.2,5.2,2.6,14.47
1996-03-05,6.6,11.8,1.3,3.7,14.47
1996-03-07,9.8,13.3,32.3,1.4,14.47
1996-03-08,10.2,13.6,2.9,1.5,14.47
1996-03-09,11.0,17.0,1.3,1.4,14.47
1996-03-10,12.5,15.0,14.7,1.0,14.47
1996-03-11,11.9,16.3,0.2,2.1,14.47
1996-03-14,13.6,15.7,2.5,1.3,14.47
1996-03-15,11.2,14.5,1.1,2.0,14.47
1996-03-16,7.2,16.3,0.1,3.4,14.47
1996-03-18,8.6,15.4,2.5,2.7,14.47
1996-03-26,14.6,21.4,0.3,1.8,14.47
1996-03-27,14.5,20.0,0.2,3.5,14.47
1996-03-28,13.2,20.6,0.9,3.1,14.47
1996-03-30,9.6,23.2,4.7,2.6,14.47
1996-04-02,14.0,20.7,0.8,3.3,0.231
1996-04-03,11.0,16.7,1.7,1.5,0.231
1996-04-08,11.4,17.4,0.2,1.8,0.231
1996-04-09,12.0,16.8,22.0,1.4,0.231
1996-04-14,11.9,21.5,0.6,4.9,0.231
1996-04-17,8.6,19.1,20.6,2.9,0.231
1996-04-18,11.6,16.9,0.9,2.2,0.231
1996-04-25,16.0,19.0,13.4,4.1,0.231
1996-04-26,15.1,19.4,0.6,2.5,0.231
1996-04-27,13.9,19.3,2.6,1.3,0.231
1996-04-28,14.8,20.5,1.6,2.4,0.231
1996-04-29,14.5,18.7,0.5,1.8,0.231
1996-05-01,14.3,22.1,1.3,2.3,0.692
1996-05-02,15.0,21.4,0.4,1.4,0.692
1996-05-03,14.4,21.7,0.1,3.2,0.692
1996-05-10,16.1,21.7,49.9,1.2,0.692
1996-05-11,14.8,20.4,1.9,3.2,0.692
1996-05-12,13.2,20.5,7.4,2.5,0.692
1996-05-19,18.0,22.1,0.1,1.5,0.692
1996-06-03,19.0,24.0,4.3,3.9,0.071
1996-06-06,15.5,22.3,32.0,1.4,0.071
1996-06-23,19.9,26.1,0.1,5.4,0.071
1996-06-24,19.0,23.5,0.9,4.5,0.071
1996-07-17,19.1,28.8,0.1,4.7,0.0
1996-07-18,21.5,29.0,0.5,3.1,0.0
1996-08-21,25.3,30.0,1.6,2.8,0.0
1996-08-30,22.9,29.7,4.0,3.2,0.0
1996-08-31,22.1,27.3,2.6,4.1,0.0
1996-09-03,19.6,27.2,6.4,3.4,0.062
1996-09-09,15.8,24.0,12.1,2.9,0.062
1996-09-17,18.2,26.0,0.4,3.9,0.062
1996-09-19,17.2,27.5,13.6,4.5,0.062
1996-09-26,19.5,22.5,1.1,3.7,0.062
1996-10-03,16.9,21.6,16.1,2.3,2.554
1996-10-04,13.8,18.0,179.8,1.6,2.554
1996-10-05,15.5,21.8,3.9,2.7,2.554
1996-10-06,14.3,22.8,0.3,3.0,2.554
1996-10-09,16.0,22.2,3.6,4.2,2.554
1996-10-10,17.1,22.3,0.6,3.0,2.554
1996-10-14,18.0,24.7,2.0,2.7,2.554
1996-10-15,20.0,25.3,0.3,4.1,2.554
1996-10-16,15.0,21.2,3.2,3.1,2.554
1996-10-26,13.0,20.5,0.1,2.0,2.554
1996-11-01,13.1,20.7,0.4,3.8,1.12
1996-11-07,11.9,20.5,0.2,2.7,1.12
1996-11-17,19.4,20.8,0.2,0.7,1.12
1996-11-19,11.2,16.6,0.6,3.5,1.12
1996-11-20,8.2,21.2,1.4,4.3,1.12
1996-11-24,14.3,18.3,0.1,4.9,1.12
1996-11-26,9.0,16.6,4.0,4.4,1.12
1996-11-28,12.4,22.0,0.3,3.6,1.12
1996-11-29,9.8,14.7,1.3,3.3,1.12
1996-11-30,10.5,15.5,4.0,2.4,1.12
1996-12-01,12.6,16.1,2.7,5.1,2.058
1996-12-07,16.6,19.5,2.1,2.3,2.058
1996-12-08,15.5,18.5,7.6,1.4,2.058
1996-12-09,10.5,16.0,0.6,0.9,2.058
1996-12-15,13.2,18.1,0.1,2.3,2.058
1996-12-16,9.5,18.4,18.2,1.4,2.058
1996-12-19,13.9,18.8,1.2,1.4,2.058
1996-12-24,14.5,21.5,0.1,2.6,2.058
1996-12-25,11.5,15.9,1.9,2.9,2.058
1996-12-26,10.6,14.5,3.1,3.0,2.058
1996-12-27,3.6,8.5,1.0,3.0,2.058
1997-01-06,8.8,16.4,4.8,2.3,1.248
1997-01-07,7.0,14.0,0.5,2.5,1.248
1997-01-08,9.1,16.3,0.0,3.0,1.248
1997-01-09,9.8,18.4,0.1,2.8,1.248
1997-01-10,10.5,15.6,1.2,1.6,1.248
1997-01-11,8.4,15.5,10.4,1.8,1.248
1997-01-12,10.8,15.0,31.1,1.8,1.248
1997-01-16,10.2,16.8,0.4,1.3,1.248
1997-01-18,10.5,14.8,2.8,0.9,1.248
1997-01-25,13.6,15.5,0.8,2.5,1.248
1997-01-26,12.6,15.7,6.3,1.4,1.248
1997-01-27,11.9,16.6,0.2,1.2,1.248
1997-02-01,8.1,16.2,1.1,1.0,0.197
1997-02-02,8.6,15.5,9.0,1.2,0.197
1997-02-06,8.4,14.5,12.0,1.1,0.197
1997-02-07,6.3,15.0,3.6,1.7,0.197
1997-02-08,11.8,16.3,0.4,1.9,0.197
1997-02-15,9.8,19.3,1.1,3.1,0.197
1997-02-16,10.4,15.5,0.3,4.1,0.197
1997-02-17,9.5,15.7,0.1,3.4,0.197
1997-03-06,11.4,19.4,0.1,3.4,0.056
1997-03-07,13.0,18.3,0.1,2.4,0.056
1997-03-11,8.5,16.6,0.7,4.6,0.056
1997-03-15,10.8,18.5,1.6,2.6,0.056
1997-03-24,13.5,18.5,0.3,3.4,0.056
1997-03-26,9.6,17.6,0.4,2.6,0.056
1997-03-30,8.7,17.5,1.5,4.4,0.056
1997-03-31,7.4,15.3,3.1,4.3,0.056
1997-04-01,7.3,15.7,11.1,3.3,0.222
1997-04-02,8.1,13.6,3.9,1.9,0.222
1997-04-12,7.9,20.1,0.4,3.5,0.222
1997-04-17,8.6,20.5,5.4,3.3,0.222
1997-04-18,13.5,15.2,5.6,1.6,0.222
1997-04-19,14.0,18.2,0.1,0.7,0.222
1997-04-21,15.7,22.2,6.2,5.1,0.222
1997-04-22,13.0,19.2,0.1,4.4,0.222
1997-04-29,13.6,21.4,7.8,4.0,0.222
1997-04-30,14.2,19.5,0.2,4.3,0.222
1997-05-14,16.0,21.8,0.1,3.3,0.001
1997-05-15,16.6,22.0,0.6,2.8,0.001
1997-05-31,19.5,24.0,4.8,3.6,0.001
1997-06-01,19.0,22.0,0.8,2.0,0.014
1997-06-17,22.6,30.9,0.6,3.1,0.014
1997-06-21,18.3,27.2,0.2,4.8,0.014
1997-08-06,24.7,29.7,3.5,3.2,0.041
1997-08-12,24.9,30.7,0.0,5.8,0.041
1997-08-17,25.5,30.0,0.1,3.1,0.041
1997-08-23,20.7,28.6,3.9,4.5,0.041
1997-08-26,24.1,29.5,4.1,2.8,0.041
1997-09-03,22.2,28.3,4.0,1.4,1.067
1997-09-06,22.6,28.8,1.5,6.5,1.067
1997-09-07,20.1,26.0,16.0,1.1,1.067
1997-09-08,20.0,28.7,0.6,2.4,1.067
1997-09-09,22.1,28.8,0.0,3.3,1.067
1997-09-15,20.7,26.8,9.7,1.9,1.067
1997-09-17,21.1,28.0,14.5,1.6,1.067
1997-09-21,17.8,26.3,7.6,3.2,1.067
1997-09-22,19.5,24.3,0.9,1.7,1.067
1997-09-23,18.1,25.7,8.1,2.9,1.067
1997-10-06,24.2,28.0,0.5,3.0,0.523
1997-10-09,20.4,26.9,7.7,3.2,0.523
1997-10-12,20.4,29.1,0.2,4.3,0.523
1997-10-13,19.7,27.5,21.1,4.0,0.523
1997-10-14,16.2,21.6,4.6,4.8,0.523
1997-10-15,14.7,20.9,1.5,3.2,0.523
1997-10-16,14.6,22.3,1.4,1.6,0.523
1997-10-20,15.2,24.8,0.2,2.3,0.523
1997-10-21,18.0,21.5,3.3,0.9,0.523
1997-10-22,17.5,25.5,0.6,2.1,0.523
1997-10-23,18.5,26.1,0.2,1.8,0.523
1997-10-24,18.5,24.6,1.9,3.1,0.523
1997-10-27,13.4,23.2,3.5,2.8,0.523
1997-10-28,15.4,23.9,1.0,2.2,0.523
1997-10-29,16.2,24.5,0.1,2.0,0.523
1997-10-30,14.6,17.0,12.2,1.3,0.523
1997-10-31,12.1,19.5,1.3,1.4,0.523
1997-11-01,13.4,20.5,7.3,1.3,1.236
1997-11-03,14.7,20.9,0.6,1.0,1.236
1997-11-04,16.5,20.4,1.2,1.0,1.236
1997-11-07,18.5,23.7,2.8,1.6,1.236
1997-11-12,14.6,26.2,34.6,3.0,1.236
1997-11-13,11.0,18.0,1.4,2.7,1.236
1997-11-14,12.1,16.3,3.9,1.3,1.236
1997-11-15,13.2,18.7,0.1,2.7,1.236
1997-11-17,12.2,19.3,9.6,1.9,1.236
1997-11-19,9.3,19.4,0.4,2.3,1.236
1997-11-20,14.4,19.1,2.2,2.0,1.236
1997-11-22,13.2,21.7,8.1,3.4,1.236
1997-11-23,11.0,17.0,12.8,3.2,1.236
1997-11-29,11.5,20.0,0.9,2.4,1.236
1997-11-30,12.3,15.7,3.9,4.1,1.236
1997-12-01,10.5,15.8,11.5,4.5,1.542
1997-12-02,11.4,17.7,2.8,3.1,1.542
1997-12-03,11.7,16.5,0.5,2.4,1.542
1997-12-06,10.3,18.4,9.4,2.2,1.542
1997-12-07,11.6,15.2,0.2,3.2,1.542
1997-12-09,11.1,18.1,0.9,2.1,1.542
1997-12-10,12.0,16.4,17.8,2.1,1.542
1997-12-13,13.1,15.1,0.1,3.0,1.542
1997-12-14,10.4,16.1,2.9,3.3,1.542
1997-12-19,9.5,19.8,1.8,2.5,1.542
1997-12-20,12.2,19.3,3.7,2.8,1.542
1997-12-21,10.0,16.6,0.4,2.9,1.542
1997-12-23,13.4,19.4,0.6,1.4,1.542
1997-12-24,14.1,17.4,0.2,1.5,1.542
1997-12-26,9.3,16.2,0.4,1.6,1.542
1997-12-27,9.4,15.8,14.7,2.9,1.542
1997-12-28,8.5,15.4,5.1,3.4,1.542
1998-01-02,11.0,17.0,0.2,2.0,1.195
1998-01-03,11.1,16.4,1.1,2.0,1.195
1998-01-14,9.0,16.5,3.0,1.7,1.195
1998-01-15,10.8,15.2,0.3,2.8,1.195
1998-01-16,9.6,15.7,0.2,2.4,1.195
1998-01-17,9.7,14.8,24.0,2.5,1.195
1998-01-18,8.0,15.6,0.8,2.3,1.195
1998-01-20,11.4,17.0,5.1,5.7,1.195
1998-01-21,7.7,13.7,6.2,3.2,1.195
1998-01-22,7.0,14.0,14.0,1.9,1.195
1998-01-23,6.6,14.4,0.1,1.6,1.195
1998-01-24,6.0,14.8,0.2,1.5,1.195
1998-01-25,7.6,14.8,0.7,1.4,1.195
1998-01-27,7.1,16.4,0.3,2.5,1.195
1998-01-29,13.0,16.3,12.6,1.8,1.195
1998-01-30,11.0,16.6,34.0,1.2,1.195
1998-01-31,13.6,17.1,3.6,1.1,1.195
1998-02-01,9.2,19.5,0.6,2.7,0.117
1998-02-23,9.5,12.9,1.7,2.5,0.117
1998-02-24,5.2,15.5,0.5,2.3,0.117
1998-02-26,7.3,16.1,0.6,2.4,0.117
1998-03-09,14.1,19.7,3.9,5.0,0.518
1998-03-10,9.3,15.3,0.6,7.5,0.518
1998-03-12,8.0,16.9,0.0,3.9,0.518
1998-03-15,10.1,16.4,2.1,3.1,0.518
1998-03-24,13.3,19.2,6.2,3.5,0.518
1998-03-25,7.8,13.1,5.4,4.4,0.518
1998-03-26,7.4,13.1,0.4,5.1,0.518
1998-03-30,14.5,17.0,15.1,0.9,0.518
1998-03-31,12.8,13.8,34.6,0.2,0.518
1998-04-01,13.4,16.3,3.3,0.6,0.247
1998-04-11,12.0,20.8,0.3,2.7,0.247
1998-04-17,10.6,22.7,1.0,5.5,0.247
1998-04-18,12.5,19.0,0.2,6.2,0.247
1998-04-22,15.6,18.4,5.6,2.3,0.247
1998-04-23,14.9,16.5,42.0,1.2,0.247
1998-04-27,13.2,21.6,10.5,2.7,0.247
1998-04-30,16.7,20.7,0.2,2.4,0.247
1998-05-03,14.6,20.5,1.0,2.6,0.0
1998-05-04,13.6,21.5,0.0,5.4,0.0
1998-05-05,13.0,21.3,1.4,3.9,0.0
1998-05-15,15.7,22.5,7.2,2.2,0.0
1998-05-16,16.4,22.6,0.2,2.7,0.0
1998-05-24,15.0,22.5,1.9,2.5,0.0
1998-05-28,19.4,25.4,0.6,3.1,0.0
1998-06-14,14.0,24.2,0.0,3.9,0.0
1998-08-04,22.6,29.2,0.8,7.6,0.007
1998-08-05,18.2,28.0,3.6,4.2,0.007
1998-08-06,19.2,29.1,0.2,4.0,0.007
1998-08-07,20.9,29.7,0.7,2.3,0.007
1998-08-08,21.0,30.3,0.1,3.7,0.007
1998-09-11,23.0,29.5,0.6,3.1,0.181
1998-09-14,21.4,29.1,0.0,4.9,0.181
1998-09-16,19.2,26.2,0.0,4.7,0.181
1998-09-22,17.4,25.8,0.0,4.0,0.181
1998-09-23,18.6,27.9,17.6,2.3,0.181
1998-09-24,20.3,25.7,3.2,1.7,0.181
1998-09-26,22.4,28.8,0.3,3.0,0.181
1998-09-27,22.5,26.8,2.0,3.1,0.181
1998-09-28,19.8,27.5,7.1,4.4,0.181
1998-10-01,21.0,29.0,39.0,2.0,1.939
1998-10-02,18.1,21.5,0.2,1.8,1.939
1998-10-03,17.5,24.4,0.2,3.2,1.939
1998-10-05,22.6,27.2,0.3,2.1,1.939
1998-10-06,20.8,24.6,4.5,1.6,1.939
1998-10-09,17.3,24.5,0.6,3.0,1.939
1998-10-10,16.5,21.0,32.2,1.1,1.939
1998-10-11,16.6,21.7,1.4,2.2,1.939
1998-10-12,15.5,20.9,9.6,3.1,1.939
1998-10-19,18.0,25.7,0.8,2.8,1.939
1998-10-20,17.5,20.8,0.0,1.9,1.939
1998-10-26,17.3,23.5,0.0,4.7,1.939
1998-11-11,15.1,18.5,1.0,2.9,1.194
1998-11-12,13.0,18.7,2.6,2.2,1.194
1998-11-13,11.7,18.9,0.1,2.9,1.194
1998-11-16,13.8,19.8,0.0,3.6,1.194
1998-11-18,10.0,17.2,6.7,1.8,1.194
1998-11-19,13.1,19.0,4.4,3.1,1.194
1998-11-20,11.2,15.4,2.0,2.9,1.194
1998-11-21,7.4,12.0,1.7,1.7,1.194
1998-11-22,5.4,11.6,2.3,2.7,1.194
1998-11-23,7.0,14.1,0.7,3.2,1.194
1998-11-25,9.0,15.6,0.1,1.6,1.194
1998-11-26,8.0,17.0,0.4,2.1,1.194
1998-11-27,8.6,15.5,21.6,1.0,1.194
1998-11-28,8.6,13.0,21.4,1.6,1.194
1998-11-29,10.5,16.1,0.9,2.0,1.194
1998-11-30,9.3,15.2,1.2,1.3,1.194
1998-12-05,9.6,17.1,2.4,3.1,2.342
1998-12-06,10.5,14.5,6.0,3.2,2.342
1998-12-07,9.4,14.5,8.9,3.8,2.342
1998-12-08,7.3,12.2,0.5,4.4,2.342
1998-12-11,9.0,17.4,2.6,2.0,2.342
1998-12-12,10.4,15.3,6.5,2.8,2.342
1998-12-21,9.8,15.0,13.0,2.1,2.342
1998-12-22,9.5,14.0,1.4,3.2,2.342
1998-12-25,6.2,15.5,42.8,2.0,2.342
1998-12-26,10.4,13.5,2.4,1.9,2.342
1998-12-31,11.2,16.8,7.1,3.5,2.342
1999-01-01,13.0,17.0,0.4,2.9,21.289
1999-01-02,9.7,15.5,0.7,1.7,21.289
1999-01-03,10.2,15.5,1.0,4.5,21.289
1999-01-10,10.5,16.5,0.8,4.1,21.289
1999-01-14,11.0,15.6,0.9,1.6,21.289
1999-01-15,9.8,14.0,21.4,0.9,21.289
1999-01-16,12.5,14.2,0.1,2.2,21.289
1999-01-18,13.3,16.4,26.7,2.4,21.289
1999-01-19,11.7,14.3,17.5,4.1,21.289
1999-01-20,13.2,14.6,0.1,2.5,21.289
1999-01-21,9.4,15.2,0.1,0.9,21.289
1999-01-23,8.3,16.0,0.7,1.6,21.289
1999-01-24,10.2,15.8,0.1,2.7,21.289
1999-01-25,11.0,15.4,2.0,2.5,21.289
1999-01-26,8.7,15.0,0.2,1.8,21.289
1999-01-27,9.1,16.0,2.2,3.0,21.289
1999-01-28,11.0,14.6,8.1,4.6,21.289
1999-01-29,9.8,15.9,2.8,4.7,21.289
1999-01-30,5.6,9.8,6.3,2.2,21.289
1999-01-31,0.8,4.3,16.7,0.3,21.289
1999-02-01,1.1,7.9,7.6,0.8,11.45
1999-02-02,3.0,11.6,2.8,1.4,11.45
1999-02-03,4.7,11.2,1.4,1.6,11.45
1999-02-05,6.5,15.3,0.5,2.3,11.45
1999-02-06,10.8,15.0,0.2,5.0,11.45
1999-02-08,9.5,14.8,0.7,2.3,11.45
1999-02-10,8.2,18.4,0.7,3.1,11.45
1999-02-11,4.0,8.6,18.2,2.6,11.45
1999-02-12,2.6,9.0,12.9,1.3,11.45
1999-02-13,3.0,9.3,4.9,1.3,11.45
1999-02-14,3.5,13.0,0.1,1.7,11.45
1999-02-16,5.0,12.8,0.4,1.5,11.45
1999-02-17,5.6,14.1,1.3,2.2,11.45
1999-02-18,9.6,14.7,1.0,2.2,11.45
1999-02-19,7.9,16.2,1.2,1.5,11.45
1999-02-22,11.6,19.8,0.2,4.6,11.45
1999-02-23,11.4,15.0,0.7,4.5,11.45
1999-02-24,9.5,14.5,0.5,2.0,11.45
1999-03-17,11.5,18.2,0.4,2.5,0.401
1999-03-18,6.8,12.0,6.4,3.0,0.401
1999-03-22,6.9,17.5,0.4,2.4,0.401
1999-03-23,10.1,16.1,0.1,4.6,0.401
1999-03-25,13.5,16.0,5.7,1.4,0.401
1999-03-27,11.4,18.5,0.5,4.4,0.401
1999-03-28,9.4,17.4,3.0,3.4,0.401
1999-03-29,8.0,14.4,10.6,1.4,0.401
1999-04-07,9.6,19.0,0.0,2.7,0.0
1999-04-08,12.4,16.1,4.6,2.1,0.0
1999-04-10,10.0,17.8,3.2,2.6,0.0
1999-04-14,11.1,20.0,0.2,3.5,0.0
1999-04-15,14.4,18.6,0.5,1.3,0.0
1999-04-16,14.6,18.4,0.6,2.8,0.0
1999-04-22,14.0,23.6,1.1,3.6,0.0
1999-05-03,17.2,22.3,0.1,4.1,0.0
1999-05-08,17.1,21.9,2.4,1.5,0.0
1999-05-10,15.6,21.5,0.1,0.8,0.0
1999-06-04,23.5,31.5,0.5,6.7,0.0
1999-06-05,20.8,31.7,0.0,5.5,0.0
1999-06-27,21.8,26.8,0.1,2.8,0.0
1999-07-06,23.9,29.5,0.0,3.1,0.006
1999-07-25,18.6,28.6,0.1,6.5,0.006
1999-07-31,21.5,30.1,1.3,3.9,0.006
1999-08-12,23.9,33.1,0.7,5.9,0.088
1999-08-13,23.0,28.6,0.3,3.2,0.088
1999-08-29,23.9,32.5,0.2,4.8,0.088
1999-09-07,24.9,31.8,8.6,4.4,0.752
1999-09-08,20.7,30.5,10.0,3.3,0.752
1999-09-09,20.7,29.5,0.5,3.5,0.752
1999-09-10,20.9,28.0,12.3,4.1,0.752
1999-09-11,20.9,28.0,13.6,2.8,0.752
1999-09-12,19.8,26.3,2.1,2.6,0.752
1999-09-15,24.0,29.0,5.9,2.4,0.752
1999-09-20,25.0,29.6,0.7,3.5,0.752
1999-10-06,17.1,23.5,0.1,2.6,0.0
1999-10-08,15.3,24.8,7.4,3.3,0.0
1999-10-21,21.5,26.0,0.0,4.6,0.0
1999-11-04,17.0,25.0,10.1,2.3,26.892
1999-11-05,14.6,24.2,0.2,2.3,26.892
1999-11-06,13.2,22.9,18.3,3.7,26.892
1999-11-07,13.5,18.4,20.9,3.3,26.892
1999-11-08,14.2,19.8,20.8,3.2,26.892
1999-11-11,13.0,22.1,23.4,2.5,26.892
1999-11-12,16.6,21.9,19.0,2.0,26.892
1999-11-13,18.4,22.0,6.9,1.3,26.892
1999-11-15,16.6,21.8,0.0,1.8,26.892
1999-11-17,13.6,21.0,0.5,2.6,26.892
1999-11-18,11.6,17.1,3.7,2.2,26.892
1999-11-21,13.2,21.0,1.1,5.0,26.892
1999-11-22,9.6,15.4,4.3,3.9,26.892
1999-11-23,8.0,15.0,0.8,2.7,26.892
1999-11-24,9.5,15.6,2.6,1.5,26.892
1999-11-25,9.1,17.0,0.1,1.8,26.892
1999-11-27,10.1,16.9,37.1,2.0,26.892
1999-11-28,15.0,18.0,19.9,1.8,26.892
1999-11-29,15.4,19.2,61.3,1.1,26.892
1999-12-05,11.0,17.3,0.1,3.0,5.141
1999-12-06,9.1,14.1,7.3,4.1,5.141
1999-12-10,9.6,17.9,0.6,3.3,5.141
1999-12-11,8.3,15.0,12.9,2.3,5.141
1999-12-16,11.8,16.6,1.4,1.2,5.141
1999-12-19,11.6,18.0,4.0,2.2,5.141
1999-12-20,7.0,15.1,2.8,3.8,5.141
1999-12-21,8.6,11.9,0.1,4.5,5.141
1999-12-28,12.3,17.2,0.1,4.3,5.141
1999-12-29,10.7,17.0,2.0,2.3,5.141
1999-12-30,8.1,10.4,7.6,1.5,5.141
1999-12-31,7.0,12.6,0.2,2.6,5.141
2000-01-01,5.5,11.0,2.4,1.5,0.392
2000-01-02,7.0,13.4,0.5,2.1,0.392
2000-01-03,7.1,12.9,0.5,2.5,0.392
2000-01-07,10.6,12.3,0.1,0.9,0.392
2000-01-08,9.0,16.9,1.7,1.7,0.392
2000-01-09,8.0,16.1,9.9,1.5,0.392
2000-01-11,8.6,15.5,4.2,1.2,0.392
2000-01-12,8.9,14.0,1.0,0.9,0.392
2000-01-13,8.2,12.6,1.3,1.3,0.392
2000-01-16,5.1,14.9,0.4,1.4,0.392
2000-01-17,8.1,14.2,0.8,1.9,0.392
2000-01-19,8.8,15.5,1.1,4.0,0.392
2000-01-21,5.1,14.0,0.1,2.2,0.392
2000-01-23,7.6,12.5,15.6,2.4,0.392
2000-01-24,5.5,11.0,4.7,1.5,0.392
2000-02-10,8.2,13.2,7.0,4.7,0.289
2000-02-12,7.0,15.2,6.7,1.1,0.289
2000-02-13,8.6,14.5,1.0,2.2,0.289
2000-02-16,10.1,19.3,5.5,3.5,0.289
2000-02-17,9.4,15.0,15.0,3.4,0.289
2000-02-20,11.0,16.5,0.3,4.5,0.289
2000-02-21,9.3,16.1,0.2,3.1,0.289
2000-02-23,7.0,14.2,0.7,1.1,0.289
2000-03-01,12.7,16.9,0.7,2.0,0.061
2000-03-02,11.3,14.7,0.1,4.5,0.061
2000-03-16,10.5,17.2,1.1,2.1,0.061
2000-03-18,10.0,16.7,1.6,2.3,0.061
2000-03-19,10.7,14.5,6.4,2.1,0.061
2000-03-20,11.8,15.4,3.5,2.1,0.061
2000-03-25,12.5,16.7,0.1,1.0,0.061
2000-03-30,9.0,17.6,0.1,1.9,0.061
2000-04-04,12.4,21.2,2.4,2.6,0.11
2000-04-05,12.4,21.0,2.0,4.0,0.11
2000-04-08,7.7,17.0,0.6,2.5,0.11
2000-04-09,14.4,16.2,4.6,1.6,0.11
2000-04-10,14.1,17.8,0.4,1.5,0.11
2000-04-11,11.3,20.4,36.0,1.3,0.11
2000-04-17,13.8,17.8,0.9,2.9,0.11
2000-04-19,13.4,18.2,4.0,3.0,0.11
2000-04-27,15.9,20.5,0.2,2.9,0.11
2000-04-28,14.2,18.2,0.1,2.4,0.11
2000-05-07,17.2,20.5,0.7,2.0,0.0
2000-05-08,16.5,21.7,3.4,2.2,0.0
2000-05-09,17.5,21.5,2.1,3.4,0.0
2000-05-10,18.0,23.0,0.7,2.5,0.0
2000-05-11,17.1,22.0,1.8,1.3,0.0
2000-05-25,19.6,22.3,1.5,1.2,0.0
2000-05-26,17.6,21.7,7.5,1.3,0.0
2000-06-06,20.4,26.8,0.3,3.4,0.272
2000-06-07,18.6,25.2,14.5,4.8,0.272
2000-06-08,15.6,24.2,1.2,1.8,0.272
2000-09-07,18.2,28.6,8.9,5.3,0.086
2000-09-08,18.7,25.6,5.2,5.3,0.086
2000-09-09,19.5,25.5,10.5,3.3,0.086
2000-09-10,19.7,26.0,0.6,4.1,0.086
2000-09-24,17.5,27.0,0.1,3.1,0.086
2000-09-25,18.5,24.7,16.4,1.9,0.086
2000-09-28,20.6,27.8,1.3,5.3,0.086
2000-09-29,21.0,27.3,21.8,2.9,0.086
2000-10-01,19.0,24.8,1.0,2.4,5.238
2000-10-02,15.5,23.0,4.0,4.3,5.238
2000-10-03,15.8,20.3,26.6,1.6,5.238
2000-10-04,16.0,23.0,11.6,2.3,5.238
2000-10-05,16.2,24.0,6.3,2.4,5.238
2000-10-14,21.0,26.0,0.2,2.7,5.238
2000-10-21,18.5,23.2,0.1,3.0,5.238
2000-10-25,20.5,24.0,17.3,1.8,5.238
2000-11-01,17.1,22.6,5.8,1.9,0.181
2000-11-05,14.0,21.5,0.2,2.9,0.181
2000-11-16,20.2,24.3,0.2,3.1,0.181
2000-11-17,13.7,19.9,0.8,2.3,0.181
2000-11-18,11.2,15.5,4.4,2.2,0.181
2000-11-21,9.0,18.5,12.3,2.4,0.181
2000-11-24,11.0,16.0,8.6,0.8,0.181
2000-11-25,10.8,17.0,2.7,1.4,0.181
2000-11-27,15.6,19.8,1.0,1.8,0.181
2000-12-01,12.0,19.4,0.3,1.1,3.821
2000-12-03,13.8,17.5,31.8,2.1,3.821
2000-12-04,13.6,18.5,9.1,1.0,3.821
2000-12-05,13.2,17.5,13.0,0.6,3.821
2000-12-21,15.6,18.6,17.0,2.7,3.821
2000-12-22,10.1,17.4,6.7,1.9,3.821
2000-12-23,12.5,16.4,2.5,2.0,3.821
2000-12-25,11.0,18.3,0.7,2.9,3.821
2000-12-27,14.3,19.7,13.0,3.3,3.821
2000-12-28,9.6,15.2,0.2,3.1,3.821
2000-12-29,10.2,13.7,9.1,2.8,3.821
2000-12-30,8.9,15.5,5.5,3.1,3.821
2000-12-31,9.0,13.0,34.0,2.1,3.821
2001-01-08,10.7,14.4,0.2,2.2,0.756
2001-01-14,8.1,13.8,4.9,2.4,0.756
2001-01-15,12.5,16.0,0.6,1.7,0.756
2001-01-19,8.4,16.5,1.2,2.6,0.756
2001-01-20,9.0,15.2,1.8,1.4,0.756
2001-01-21,11.1,15.5,0.3,2.4,0.756
2001-01-26,10.7,15.5,5.5,1.3,0.756
2001-01-27,6.6,15.6,0.1,2.1,0.756
2001-01-28,8.7,17.0,7.3,1.3,0.756
2001-01-29,10.1,16.0,1.6,1.5,0.756
2001-01-30,8.6,12.2,7.9,2.5,0.756
2001-01-31,7.4,12.5,6.4,1.5,0.756
2001-02-01,8.1,13.9,8.5,3.0,1.574
2001-02-02,5.5,11.2,4.1,3.7,1.574
2001-02-09,8.5,16.4,7.5,3.3,1.574
2001-02-10,9.8,14.8,0.2,4.4,1.574
2001-02-17,12.5,16.3,20.2,1.9,1.574
2001-02-18,7.7,16.1,2.1,1.2,1.574
2001-02-20,7.8,16.8,1.1,2.3,1.574
2001-02-25,11.2,15.4,1.3,2.6,1.574
2001-02-26,7.8,12.4,2.8,2.3,1.574
2001-02-27,3.4,14.2,1.4,2.7,1.574
2001-02-28,7.0,16.6,0.5,2.5,1.574
2001-03-03,15.4,21.5,0.1,3.9,0.66
2001-03-29,11.9,20.7,0.2,2.5,0.66
2001-03-30,9.0,17.2,12.7,2.5,0.66
2001-03-31,10.0,16.8,4.9,2.5,0.66
2001-04-07,11.5,21.0,8.7,2.3,0.309
2001-04-08,11.6,19.5,4.1,4.5,0.309
2001-04-11,13.2,18.0,0.1,3.8,0.309
2001-04-12,10.6,17.5,10.5,2.6,0.309
2001-04-14,9.9,19.0,0.2,4.2,0.309
2001-04-20,13.6,20.2,0.3,3.3,0.309
2001-04-21,9.5,17.5,5.7,3.1,0.309
2001-04-22,6.5,15.7,7.6,3.6,0.309
2001-04-28,14.1,18.5,0.0,2.4,0.309
2001-05-04,11.8,21.5,8.2,3.2,0.0
2001-05-05,12.1,18.9,1.1,3.0,0.0
2001-05-23,16.3,24.6,0.1,2.9,0.0
2001-05-24,17.0,24.7,0.5,3.3,0.0
2001-06-12,18.6,25.5,0.4,2.7,0.0
2001-06-13,18.5,25.3,0.1,4.6,0.0
2001-08-31,23.1,30.9,6.3,1.7,0.0
2001-09-01,22.5,30.5,2.3,1.5,0.12
2001-09-14,17.5,28.9,0.5,3.7,0.12
2001-09-18,18.0,23.3,17.9,0.5,0.12
2001-09-20,20.1,27.0,0.0,1.6,0.12
2001-09-29,24.0,29.1,5.0,2.3,0.12
2001-09-30,20.0,28.3,0.1,1.7,0.12
2001-10-05,22.5,29.2,0.6,1.4,0.066
2001-10-17,19.0,25.7,6.8,3.1,0.066
2001-10-19,19.0,26.6,10.4,3.0,0.066
2001-10-28,17.5,25.6,7.0,2.1,0.066
2001-11-01,16.0,25.6,19.8,2.4,0.24
2001-11-02,16.5,24.0,1.6,3.0,0.24
2001-11-03,17.4,21.4,0.6,4.5,0.24
2001-11-07,16.1,22.5,1.3,2.8,0.24
2001-11-08,16.0,22.1,2.2,2.1,0.24
2001-11-10,19.0,25.0,0.3,7.8,0.24
2001-11-12,11.6,19.6,3.6,3.1,0.24
2001-11-13,10.8,19.4,1.9,3.7,0.24
2001-11-16,18.5,20.9,0.0,3.1,0.24
2001-11-18,18.3,22.1,16.6,1.6,0.24
2001-11-19,17.0,21.0,2.3,1.9,0.24
2001-11-20,14.0,18.7,0.5,3.4,0.24
2001-11-21,12.1,18.1,0.2,1.3,0.24
2001-11-25,9.0,14.8,0.6,1.4,0.24
2001-11-28,13.0,17.8,3.6,2.2,0.24
2001-11-29,12.3,18.0,1.0,3.5,0.24
2001-11-30,11.0,18.1,9.5,2.9,0.24
2001-12-01,13.7,18.2,0.0,1.6,0.868
2001-12-05,13.9,18.5,0.5,3.2,0.868
2001-12-07,14.5,18.5,3.6,3.4,0.868
2001-12-08,9.0,15.0,2.8,2.8,0.868
2001-12-09,9.3,15.0,7.9,2.8,0.868
2001-12-10,8.2,14.7,2.5,1.5,0.868
2001-12-11,7.1,14.0,9.8,1.2,0.868
2001-12-12,7.2,14.0,25.0,1.2,0.868
2001-12-13,7.7,15.5,11.5,1.5,0.868
2001-12-16,11.3,16.6,7.8,2.4,0.868
2001-12-17,7.5,11.5,4.5,1.9,0.868
2001-12-18,8.0,12.4,1.3,3.0,0.868
2001-12-21,8.7,15.0,0.9,1.1,0.868
2001-12-24,10.6,17.2,0.7,1.9,0.868
2001-12-25,7.6,12.3,0.3,1.9,0.868
2001-12-26,7.6,13.7,3.7,1.7,0.868
2001-12-27,8.6,12.6,2.2,4.5,0.868
2001-12-28,7.3,15.2,0.9,2.4,0.868
2002-01-12,7.6,15.5,6.9,1.7,0.066
2002-01-13,8.0,15.5,1.0,1.5,0.066
2002-01-14,7.9,14.0,0.0,1.4,0.066
2002-01-15,9.2,14.5,1.8,1.2,0.066
2002-01-16,7.2,15.4,6.3,1.6,0.066
2002-01-18,5.7,14.5,0.4,1.3,0.066
2002-01-20,7.7,14.7,0.1,1.3,0.066
2002-01-24,8.3,16.3,0.8,2.6,0.066
2002-02-06,9.2,17.0,1.9,2.2,0.148
2002-02-07,7.5,16.0,8.4,2.0,0.148
2002-02-08,8.5,16.2,1.2,1.6,0.148
2002-03-08,11.3,14.6,1.3,1.3,0.049
2002-03-10,9.4,18.4,6.8,2.1,0.049
2002-03-17,14.3,18.1,1.1,1.6,0.049
2002-03-24,8.6,16.7,0.1,6.4,0.049
2002-03-29,12.5,16.0,1.1,3.9,0.049
2002-04-02,13.4,16.5,6.5,1.5,0.138
2002-04-03,14.0,19.5,11.9,2.6,0.138
2002-04-04,11.0,19.7,5.5,4.0,0.138
2002-04-05,11.4,18.3,0.7,2.8,0.138
2002-04-11,15.1,20.2,0.1,1.9,0.138
2002-04-21,12.8,17.6,2.2,2.4,0.138
2002-04-22,10.2,18.8,0.1,3.2,0.138
2002-04-25,12.1,20.0,9.7,2.0,0.138
2002-05-02,15.2,23.3,1.7,1.4,0.168
2002-05-03,15.4,23.2,0.0,3.5,0.168
2002-05-06,11.9,18.0,3.5,1.7,0.168
2002-05-07,14.3,18.8,20.3,1.4,0.168
2002-05-11,16.1,23.5,15.3,3.9,0.168
2002-05-12,14.0,20.6,0.1,3.1,0.168
2002-05-21,14.0,23.0,2.0,2.5,0.168
2002-05-23,18.5,26.0,0.6,3.5,0.168
2002-05-27,15.6,25.5,0.6,3.8,0.168
2002-06-08,14.6,25.5,2.5,4.4,0.019
2002-06-09,15.6,24.2,6.1,3.8,0.019
2002-06-30,22.0,32.0,0.7,4.4,0.019
2002-07-12,22.7,31.9,0.3,6.1,0.039
2002-07-13,23.4,33.5,14.4,5.5,0.039
2002-07-14,20.4,27.5,1.1,4.7,0.039
2002-08-09,22.4,29.7,1.0,3.5,0.054
2002-08-10,21.6,29.5,2.6,3.1,0.054
2002-08-22,22.1,29.7,1.8,4.3,0.054
2002-08-24,25.1,29.9,0.3,2.7,0.054
2002-08-26,24.5,29.1,0.2,2.6,0.054
2002-08-30,23.0,29.3,0.1,5.6,0.054
2002-08-31,21.0,29.0,0.1,4.4,0.054
2002-09-03,19.5,29.2,0.1,2.3,0.204
2002-09-04,21.9,26.2,1.9,1.5,0.204
2002-09-19,24.5,28.9,0.5,1.4,0.204
2002-09-21,25.0,29.3,2.4,1.8,0.204
2002-09-22,19.0,27.0,11.8,1.8,0.204
2002-09-23,19.3,25.5,10.5,2.7,0.204
2002-09-24,18.6,26.3,1.7,2.3,0.204
2002-09-27,17.8,25.0,6.5,4.8,0.204
2002-09-28,16.4,24.0,0.1,3.7,0.204
2002-09-30,15.1,23.5,0.1,4.1,0.204
2002-10-03,20.1,25.8,2.2,3.8,1.628
2002-10-04,20.0,27.2,0.2,3.2,1.628
2002-10-09,21.7,26.1,0.5,1.8,1.628
2002-10-10,17.7,26.9,14.5,2.5,1.628
2002-10-11,16.2,23.0,3.9,4.7,1.628
2002-10-12,15.5,21.3,21.4,3.4,1.628
2002-10-22,21.5,28.0,0.3,4.6,1.628
2002-11-01,16.6,23.5,12.8,1.9,5.006
2002-11-05,14.7,20.3,4.8,3.7,5.006
2002-11-06,11.5,19.5,1.5,2.8,5.006
2002-11-07,10.6,18.0,2.4,3.0,5.006
2002-11-08,11.5,16.4,24.9,2.9,5.006
2002-11-09,13.1,18.5,4.9,2.8,5.006
2002-11-17,16.6,23.5,6.5,1.5,5.006
2002-11-20,12.5,19.5,38.8,3.0,5.006
2002-11-21,13.6,18.3,1.7,2.0,5.006
2002-11-22,11.4,21.4,0.2,2.2,5.006
2002-11-25,17.3,22.0,6.0,2.8,5.006
2002-11-26,15.5,19.3,17.7,3.1,5.006
2002-11-27,13.6,18.5,7.7,1.7,5.006
2002-11-29,11.2,18.7,1.3,1.3,5.006
2002-11-30,10.5,16.0,2.6,1.7,5.006
2002-12-01,10.5,16.7,0.1,3.3,4.109
2002-12-02,11.6,16.4,9.5,1.2,4.109
2002-12-03,11.0,14.5,0.3,2.4,4.109
2002-12-04,8.6,14.9,25.0,2.6,4.109
2002-12-05,10.2,14.8,20.8,1.1,4.109
2002-12-06,9.5,12.7,12.8,1.2,4.109
2002-12-07,9.0,16.4,8.4,1.9,4.109
2002-12-08,11.1,16.6,3.0,1.2,4.109
2002-12-09,9.5,15.4,0.2,1.1,4.109
2002-12-12,11.5,18.2,0.2,2.9,4.109
2002-12-14,10.0,18.3,0.2,1.5,4.109
2002-12-20,9.0,16.6,7.8,2.0,4.109
2002-12-21,13.6,16.8,6.9,1.6,4.109
2002-12-25,13.4,19.3,0.2,2.2,4.109
2002-12-28,11.4,19.8,1.6,3.1,4.109
2002-12-29,12.1,17.4,0.2,4.1,4.109
2002-12-31,10.6,15.0,2.4,3.2,4.109
2003-01-05,12.2,18.5,0.2,2.4,9.948
2003-01-07,10.4,15.6,0.9,2.9,9.948
2003-01-08,6.6,16.7,1.9,2.4,9.948
2003-01-10,6.1,15.7,1.7,3.3,9.948
2003-01-11,8.6,14.0,40.1,3.0,9.948
2003-01-16,7.7,15.1,19.2,1.6,9.948
2003-01-17,12.5,16.7,1.1,2.4,9.948
2003-01-18,11.3,15.0,4.4,1.9,9.948
2003-01-20,8.6,16.6,0.2,1.3,9.948
2003-01-21,8.4,15.8,0.1,2.2,9.948
2003-01-23,7.1,15.5,11.0,2.0,9.948
2003-01-24,8.1,14.4,15.8,1.3,9.948
2003-01-25,8.6,14.1,32.6,1.9,9.948
2003-01-26,9.5,13.9,13.7,2.5,9.948
2003-01-29,11.2,16.2,1.3,2.0,9.948
2003-01-30,7.7,13.7,0.0,2.5,9.948
2003-01-31,5.0,14.0,1.0,4.2,9.948
2003-02-01,4.9,11.5,19.5,2.3,12.41
2003-02-02,5.5,10.7,17.5,1.9,12.41
2003-02-03,7.8,15.4,5.5,1.7,12.41
2003-02-04,7.4,18.5,9.1,3.6,12.41
2003-02-05,7.4,12.6,31.3,3.6,12.41
2003-02-06,4.6,11.4,6.3,3.1,12.41
2003-02-09,4.8,15.2,4.6,2.2,12.41
2003-02-10,8.7,12.9,3.1,1.6,12.41
2003-02-11,7.2,13.6,1.7,2.6,12.41
2003-02-12,6.6,11.1,3.5,1.1,12.41
2003-02-13,5.5,12.5,16.8,1.1,12.41
2003-02-14,8.1,13.4,0.9,1.7,12.41
2003-02-17,7.0,14.8,9.8,1.9,12.41
2003-02-18,5.9,9.1,14.0,1.4,12.41
2003-02-19,6.3,14.5,0.8,1.5,12.41
2003-02-20,7.5,15.0,3.4,1.1,12.41
2003-02-21,9.4,15.6,3.4,1.3,12.41
2003-02-22,6.6,14.9,1.2,1.6,12.41
2003-02-23,10.5,13.2,0.2,0.8,12.41
2003-02-25,12.4,15.4,0.1,3.6,12.41
2003-02-28,12.1,14.0,3.7,2.1,12.41
2003-03-14,10.0,17.5,0.3,1.7,1.146
2003-03-15,10.0,13.0,12.5,2.1,1.146
2003-03-16,5.2,10.4,18.7,1.6,1.146
2003-03-17,5.5,12.6,3.1,2.0,1.146
2003-03-30,9.9,18.3,3.3,1.2,1.146
2003-03-31,13.6,19.0,2.3,1.6,1.146
2003-04-01,13.5,17.1,11.1,1.3,4.526
2003-04-02,11.8,19.1,0.1,2.4,4.526
2003-04-03,9.6,16.4,48.6,1.0,4.526
2003-04-04,9.6,13.8,0.4,1.3,4.526
2003-04-09,13.2,17.7,0.1,0.9,4.526
2003-04-17,13.5,15.1,8.9,0.9,4.526
2003-04-19,10.7,18.5,1.1,1.9,4.526
2003-05-16,12.9,23.0,0.3,1.9,0.0
2003-05-17,17.5,23.1,0.5,1.6,0.0
2003-05-26,16.8,21.7,10.7,1.6,0.0
2003-05-28,14.6,22.0,2.5,1.3,0.0
2003-06-07,21.1,25.4,0.3,2.2,0.0
2003-08-01,21.6,30.5,2.8,7.3,0.002
2003-08-02,20.4,29.8,18.0,3.6,0.002
2003-09-02,25.5,33.2,2.2,4.2,6.361
2003-09-03,22.2,31.5,1.4,3.0,6.361
2003-09-05,22.7,31.0,5.1,4.5,6.361
2003-09-07,24.5,31.3,27.5,2.4,6.361
2003-09-09,21.6,30.0,16.1,3.3,6.361
2003-09-10,21.0,26.0,3.2,5.5,6.361
2003-09-11,21.5,27.5,0.9,7.3,6.361
2003-09-12,21.1,26.5,1.9,4.3,6.361
2003-09-14,19.2,25.5,2.5,2.8,6.361
2003-09-15,18.1,25.0,15.0,1.9,6.361
2003-09-16,18.6,24.0,38.9,1.2,6.361
2003-09-17,17.2,26.2,4.3,3.0,6.361
2003-09-18,19.8,26.1,0.1,2.3,6.361
2003-09-22,21.7,27.2,3.0,2.7,6.361
2003-09-23,23.1,28.0,1.7,2.3,6.361
2003-09-24,19.0,28.2,19.0,1.3,6.361
2003-10-05,22.0,27.5,0.9,2.3,2.253
2003-10-13,22.4,25.5,0.5,1.9,2.253
2003-10-14,19.6,24.7,31.8,1.2,2.253
2003-10-15,19.0,26.5,0.2,2.2,2.253
2003-10-16,19.1,24.1,7.1,2.2,2.253
2003-10-17,19.7,23.5,17.2,1.5,2.253
2003-10-18,19.5,25.0,1.4,1.9,2.253
2003-10-23,18.5,24.5,41.9,1.3,2.253
2003-10-24,15.7,19.7,20.0,1.5,2.253
2003-11-02,14.8,21.4,0.9,3.1,0.844
2003-11-03,15.1,21.5,0.9,1.4,0.844
2003-11-07,13.6,21.1,0.5,3.3,0.844
2003-11-10,18.2,19.8,25.5,0.7,0.844
2003-11-11,14.6,19.4,0.9,1.3,0.844
2003-11-13,13.6,19.9,8.6,1.0,0.844
2003-11-20,19.1,21.2,0.4,2.2,0.844
2003-11-21,19.0,22.5,0.3,2.4,0.844
2003-11-24,16.5,23.0,0.7,1.2,0.844
2003-11-25,12.8,21.2,13.2,3.0,0.844
2003-11-26,14.6,19.7,0.3,2.2,0.844
2003-12-07,10.5,18.7,0.7,2.9,8.932
2003-12-08,8.8,12.7,1.6,1.8,8.932
2003-12-09,7.2,13.1,10.9,1.3,8.932
2003-12-10,7.0,18.2,42.0,1.2,8.932
2003-12-11,11.1,18.3,52.3,1.0,8.932
2003-12-12,14.5,18.5,0.5,1.4,8.932
2003-12-19,9.3,16.1,3.4,1.9,8.932
2003-12-20,10.0,16.7,0.6,0.9,8.932
2003-12-22,8.6,15.5,14.5,1.9,8.932
2003-12-23,6.4,11.8,14.1,3.5,8.932
2003-12-24,5.2,11.0,36.0,1.8,8.932
2003-12-28,4.6,14.2,1.9,3.1,8.932
2003-12-29,8.5,11.8,5.0,1.3,8.932
2003-12-30,7.5,13.4,0.2,2.0,8.932
2003-12-31,8.0,13.5,0.2,2.3,8.932
2004-01-01,6.3,13.3,0.7,2.4,1.062
2004-01-02,8.3,11.2,6.4,1.4,1.062
2004-01-03,6.8,14.6,6.5,1.4,1.062
2004-01-04,9.5,14.1,4.2,2.8,1.062
2004-01-05,7.0,13.8,0.6,1.7,1.062
2004-01-06,9.5,13.1,0.2,1.3,1.062
2004-01-18,8.7,16.3,0.8,1.4,1.062
2004-01-21,8.2,15.3,1.4,2.0,1.062
2004-01-22,9.8,14.4,0.2,2.5,1.062
2004-01-23,7.5,12.3,18.7,0.9,1.062
2004-01-24,9.0,12.2,3.5,1.8,1.062
2004-01-25,7.6,15.5,4.6,1.8,1.062
2004-01-28,10.5,15.9,8.1,2.4,1.062
2004-01-29,7.0,13.7,4.6,3.6,1.062
2004-02-11,6.4,15.1,2.9,2.1,0.589
2004-02-12,8.8,15.8,0.3,1.9,0.589
2004-02-15,7.6,15.8,0.7,1.6,0.589
2004-02-16,9.6,15.7,1.9,1.2,0.589
2004-02-18,8.7,15.2,1.1,0.8,0.589
2004-02-22,14.0,20.4,0.7,2.9,0.589
2004-02-26,12.3,21.6,10.0,1.7,0.589
2004-02-28,8.8,15.5,0.0,4.4,0.589
2004-03-01,6.8,15.5,4.0,2.3,1.382
2004-03-02,6.5,12.1,1.4,3.5,1.382
2004-03-03,8.2,13.4,2.7,4.3,1.382
2004-03-06,11.5,18.2,1.2,1.5,1.382
2004-03-07,12.2,18.4,1.1,2.8,1.382
2004-03-10,6.4,16.1,0.4,2.4,1.382
2004-03-11,12.0,18.6,0.4,3.1,1.382
2004-03-22,11.0,20.3,34.7,1.5,1.382
2004-03-23,9.2,14.0,8.6,1.7,1.382
2004-03-25,10.2,17.6,1.0,0.9,1.382
2004-03-26,12.0,16.1,6.9,1.0,1.382
2004-03-27,9.1,16.4,0.1,2.0,1.382
2004-03-28,11.3,18.6,2.3,1.1,1.382
2004-03-29,14.0,15.1,34.3,0.5,1.382
2004-03-30,13.5,16.5,2.4,0.4,1.382
2004-03-31,13.5,15.8,3.3,0.7,1.382
2004-04-03,12.0,17.0,1.9,1.1,0.415
2004-04-15,14.5,18.0,4.2,2.0,0.415
2004-04-18,12.2,18.7,3.3,1.5,0.415
2004-04-19,12.1,18.9,0.5,2.8,0.415
2004-04-22,9.2,19.6,0.2,1.8,0.415
2004-04-23,13.6,17.1,4.8,0.6,0.415
2004-04-24,10.9,17.0,3.1,0.8,0.415
2004-04-25,11.8,18.2,1.5,1.8,0.415
2004-04-28,9.5,19.2,2.5,1.8,0.415
2004-04-29,15.4,17.6,0.3,1.1,0.415
2004-04-30,13.5,22.4,0.2,3.4,0.415
2004-05-03,15.7,22.1,2.0,1.6,0.045
2004-05-04,10.6,20.7,1.0,1.7,0.045
2004-05-05,13.0,23.0,4.0,2.6,0.045
2004-05-12,15.6,21.8,0.1,2.5,0.045
2004-05-23,17.0,22.8,1.7,1.6,0.045
2004-05-24,16.5,21.3,0.3,2.0,0.045
2004-05-25,16.7,19.7,3.8,1.7,0.045
2004-06-12,18.1,28.2,0.1,3.2,0.104
2004-06-14,18.2,21.0,1.6,1.6,0.104
2004-06-15,16.5,22.9,0.8,1.9,0.104
2004-06-16,17.6,23.2,2.2,2.3,0.104
2004-06-17,16.5,21.5,26.2,1.6,0.104
2004-06-19,18.0,29.3,1.7,4.6,0.104
2004-08-05,22.0,32.8,7.4,2.7,0.035
2004-08-30,23.0,27.7,0.3,1.5,0.035
2004-09-16,20.5,30.5,38.6,0.8,0.189
2004-09-17,18.3,23.4,18.8,0.7,0.189
2004-09-18,17.1,24.9,0.4,2.2,0.189
2004-09-25,17.5,25.8,15.8,3.0,0.189
2004-09-26,14.4,23.6,5.4,3.8,0.189
2004-09-27,15.5,22.5,1.1,2.4,0.189
2004-10-11,20.0,25.7,1.1,1.8,0.02
2004-10-26,20.5,28.0,9.8,2.3,0.02
2004-10-29,22.7,25.5,0.2,1.2,0.02
2004-10-30,19.2,26.0,0.1,1.2,0.02
2004-11-01,20.2,25.4,1.9,1.7,1.031
2004-11-02,16.3,23.6,4.4,1.4,1.031
2004-11-03,14.5,20.3,4.1,1.2,1.031
2004-11-06,15.8,23.0,0.2,1.3,1.031
2004-11-07,16.5,22.1,0.1,4.7,1.031
2004-11-08,15.6,19.8,0.7,3.6,1.031
2004-11-10,11.8,20.0,0.8,1.2,1.031
2004-11-11,13.1,19.9,3.5,1.0,1.031
2004-11-12,12.5,21.5,1.1,1.2,1.031
2004-11-13,14.0,20.6,12.4,1.7,1.031
2004-11-14,10.8,18.2,11.8,0.8,1.031
2004-11-15,10.5,15.6,9.0,1.8,1.031
2004-11-16,10.7,16.7,2.5,0.7,1.031
2004-11-17,11.9,18.8,0.0,1.2,1.031
2004-11-26,16.0,19.0,9.2,2.0,1.031
2004-11-28,10.5,19.7,0.2,1.6,1.031
2004-12-02,13.2,24.0,0.1,2.0,0.855
2004-12-04,18.3,20.0,0.8,0.8,0.855
2004-12-07,17.9,20.4,3.6,1.2,0.855
2004-12-08,17.1,20.5,1.2,3.3,0.855
2004-12-10,9.9,17.4,11.7,1.1,0.855
2004-12-11,11.6,16.3,3.5,1.1,0.855
2004-12-16,13.6,18.4,19.4,1.0,0.855
2004-12-17,12.1,15.6,2.2,3.3,0.855
2004-12-18,12.5,16.5,1.0,6.6,0.855
2004-12-19,10.5,17.0,0.4,2.6,0.855
2004-12-20,10.2,17.3,0.9,2.5,0.855
2004-12-21,11.0,15.8,5.6,1.2,0.855
2004-12-22,8.6,13.9,0.2,1.4,0.855
2004-12-23,6.7,14.5,5.5,1.4,0.855
2004-12-24,7.9,13.6,0.8,1.3,0.855
2004-12-25,7.4,15.6,8.1,4.0,0.855
2004-12-28,5.0,12.5,0.3,2.6,0.855
2004-12-29,6.5,11.8,9.4,1.5,0.855
2004-12-30,4.2,14.0,1.2,3.6,0.855
2004-12-31,10.5,15.2,0.3,3.0,0.855
2005-01-01,8.4,15.5,2.2,1.5,1.663
2005-01-02,8.5,15.6,0.6,3.1,1.663
2005-01-03,12.6,14.9,0.3,3.7,1.663
2005-01-12,7.0,15.6,0.0,1.2,1.663
2005-01-13,8.4,15.6,8.9,1.6,1.663
2005-01-14,9.9,14.8,1.2,1.1,1.663
2005-01-16,8.0,14.8,0.1,2.6,1.663
2005-01-18,6.9,13.2,3.5,2.1,1.663
2005-01-19,5.5,11.1,21.2,3.3,1.663
2005-01-20,7.2,14.8,5.1,2.2,1.663
2005-01-21,9.0,15.6,0.3,4.7,1.663
2005-01-24,6.5,15.8,2.3,1.9,1.663
2005-01-25,5.6,8.6,13.2,1.9,1.663
2005-01-26,2.5,8.6,1.6,2.8,1.663
2005-01-30,4.3,10.6,5.4,2.6,1.663
2005-01-31,6.0,12.5,3.1,1.7,1.663
2005-02-01,5.0,11.8,12.2,1.6,8.805
2005-02-02,7.5,12.7,4.5,2.4,8.805
2005-02-03,5.5,14.6,1.0,1.5,8.805
2005-02-05,5.4,13.0,0.0,1.4,8.805
2005-02-07,9.4,15.4,6.5,3.3,8.805
2005-02-08,10.2,14.3,46.7,2.6,8.805
2005-02-09,9.0,11.3,21.5,2.5,8.805
2005-02-10,8.5,13.2,1.4,2.3,8.805
2005-02-12,9.5,13.8,0.1,3.2,8.805
2005-02-14,6.4,13.3,11.7,2.3,8.805
2005-02-15,4.4,9.2,2.3,1.2,8.805
2005-02-16,3.8,9.8,2.0,1.0,8.805
2005-02-17,4.5,9.2,0.1,1.0,8.805
2005-02-18,3.7,11.0,21.9,0.6,8.805
2005-02-19,5.5,12.4,0.2,1.7,8.805
2005-02-20,5.8,12.6,0.7,1.7,8.805
2005-02-22,5.4,13.5,1.1,1.3,8.805
2005-02-26,10.0,16.5,1.1,3.0,8.805
2005-02-27,5.6,14.5,0.4,2.3,8.805
2005-02-28,7.0,10.4,18.0,1.1,8.805
2005-03-01,7.0,9.5,21.3,1.2,2.184
2005-03-04,12.0,15.6,6.9,1.1,2.184
2005-03-07,7.4,12.5,1.6,2.5,2.184
2005-03-08,4.4,10.6,9.6,1.3,2.184
2005-03-09,5.0,13.3,0.6,2.4,2.184
2005-03-10,7.5,12.5,0.1,1.5,2.184
2005-03-29,12.4,19.6,0.3,3.1,2.184
2005-03-30,12.3,18.7,0.7,3.0,2.184
2005-04-02,8.4,18.2,3.1,2.0,0.097
2005-04-03,13.3,15.5,5.2,1.4,0.097
2005-04-04,13.7,16.5,1.4,2.1,0.097
2005-04-05,12.8,14.2,7.3,1.7,0.097
2005-04-06,11.3,16.5,1.9,1.3,0.097
2005-04-09,14.1,21.5,1.7,2.9,0.097
2005-04-10,7.5,13.0,6.2,3.0,0.097
2005-04-11,7.7,15.4,7.3,2.6,0.097
2005-04-12,9.6,15.5,4.6,2.3,0.097
2005-04-13,11.0,16.4,1.1,1.7,0.097
2005-04-17,11.6,18.5,0.1,5.6,0.097
2005-04-21,13.0,19.5,1.7,2.6,0.097
2005-05-04,14.8,22.4,0.0,2.6,0.023
2005-05-05,15.8,23.8,6.5,2.5,0.023
2005-05-11,17.0,29.5,0.1,3.4,0.023
2005-05-12,16.6,24.1,4.6,2.5,0.023
2005-05-23,16.6,23.1,0.2,4.4,0.023
2005-06-02,18.7,26.2,0.2,2.2,0.014
2005-06-15,19.6,27.2,0.2,4.6,0.014
2005-06-17,18.2,25.1,3.1,2.7,0.014
2005-07-08,21.0,28.9,1.9,3.7,0.0
2005-07-10,22.5,29.2,1.6,4.5,0.0
2005-08-03,23.0,29.2,0.1,8.9,0.002
2005-08-11,24.7,29.9,0.2,1.8,0.002
2005-08-18,24.3,29.8,1.6,3.3,0.002
2005-08-20,22.6,32.8,0.1,4.8,0.002
2005-08-29,22.0,27.6,2.0,1.8,0.002
2005-08-30,19.9,27.6,9.7,2.6,0.002
2005-09-06,23.4,30.4,1.1,3.7,0.0
2005-09-07,25.0,32.0,0.2,3.7,0.0
2005-09-09,25.3,33.1,0.3,4.5,0.0
2005-09-12,22.2,26.7,1.3,2.2,0.0
2005-09-17,18.7,26.2,1.4,2.0,0.0
2005-09-18,19.1,28.6,18.0,2.0,0.0
2005-09-20,18.5,25.4,1.2,4.5,0.0
2005-09-29,19.8,27.5,1.0,2.5,0.0
2005-10-02,16.1,26.1,0.2,3.7,0.12
2005-10-03,18.4,26.6,13.9,2.0,0.12
2005-10-05,15.7,24.4,2.3,3.1,0.12
2005-10-06,18.2,23.6,1.9,1.4,0.12
2005-10-07,16.8,22.3,0.7,2.5,0.12
2005-10-09,15.6,24.1,0.2,3.4,0.12
2005-10-12,20.6,24.7,3.5,1.9,0.12
2005-10-19,22.4,26.6,5.1,2.2,0.12
2005-10-20,20.1,26.0,0.2,1.7,0.12
2005-10-21,21.0,26.7,0.1,1.9,0.12
2005-11-04,17.8,25.2,1.4,3.0,0.251
2005-11-05,19.2,25.6,2.3,1.7,0.251
2005-11-06,17.0,23.2,1.5,1.4,0.251
2005-11-12,12.4,23.1,13.1,2.3,0.251
2005-11-16,16.6,22.4,2.9,2.7,0.251
2005-11-17,12.5,20.5,4.3,1.9,0.251
2005-11-18,14.4,20.1,0.5,1.5,0.251
2005-11-19,13.2,19.1,1.6,1.6,0.251
2005-11-22,11.8,19.1,10.6,2.0,0.251
2005-11-23,9.7,13.8,5.8,1.1,0.251
2005-11-24,7.5,13.4,1.5,2.0,0.251
2005-11-27,9.5,16.3,3.4,3.0,0.251
2005-11-30,12.9,16.6,9.6,1.4,0.251
2005-12-01,11.0,14.1,0.1,2.0,0.906
2005-12-03,7.8,20.8,0.1,2.8,0.906
2005-12-07,12.3,17.6,0.1,3.5,0.906
2005-12-08,10.3,17.4,0.0,2.8,0.906
2005-12-09,10.0,16.2,0.1,2.2,0.906
2005-12-10,7.6,13.5,11.5,0.8,0.906
2005-12-11,9.5,11.5,14.4,1.2,0.906
2005-12-12,8.0,15.6,1.8,1.8,0.906
2005-12-13,9.2,15.2,42.0,2.7,0.906
2005-12-14,12.2,16.4,5.0,2.9,0.906
2005-12-15,12.3,16.2,0.9,2.8,0.906
2005-12-16,10.5,14.8,2.7,2.6,0.906
2005-12-17,10.3,16.5,0.4,4.5,0.906
2005-12-18,9.5,12.0,1.2,2.9,0.906
2005-12-20,4.1,12.6,2.6,1.1,0.906
2005-12-27,8.8,16.0,1.9,1.4,0.906
2005-12-29,9.1,14.4,7.3,1.5,0.906
2006-01-01,8.4,18.8,0.5,2.2,9.068
2006-01-02,8.6,15.4,5.3,2.2,9.068
2006-01-03,7.5,13.6,2.3,2.0,9.068
2006-01-04,6.8,13.0,7.6,1.2,9.068
2006-01-05,7.1,13.9,2.0,1.4,9.068
2006-01-07,6.9,14.7,0.1,3.7,9.068
2006-01-08,11.9,15.0,44.9,2.6,9.068
2006-01-09,9.8,14.2,6.4,2.0,9.068
2006-01-10,10.5,14.4,3.1,1.7,9.068
2006-01-11,7.8,13.4,1.2,1.2,9.068
2006-01-12,7.7,14.5,1.1,2.0,9.068
2006-01-13,7.1,14.6,0.3,1.3,9.068
2006-01-15,5.0,13.1,0.5,1.4,9.068
2006-01-16,7.6,13.7,1.1,0.7,9.068
2006-01-19,8.5,17.0,0.1,1.5,9.068
2006-01-20,11.0,14.1,10.1,1.6,9.068
2006-01-21,11.8,13.9,0.2,1.7,9.068
2006-01-22,10.5,14.9,2.3,3.2,9.068
2006-01-23,7.9,12.6,24.0,2.7,9.068
2006-01-24,4.5,10.4,10.7,1.6,9.068
2006-01-25,5.8,10.5,1.2,2.1,9.068
2006-01-26,4.4,11.9,0.1,3.1,9.068
2006-01-29,13.9,15.6,5.9,1.3,9.068
2006-01-30,12.7,14.4,29.5,0.3,9.068
2006-01-31,8.6,15.2,10.0,1.3,9.068
2006-02-04,8.6,17.5,3.6,0.9,2.709
2006-02-05,9.7,15.6,0.3,1.7,2.709
2006-02-20,10.6,15.0,0.2,0.9,2.709
2006-02-22,8.6,16.5,1.0,1.5,2.709
2006-02-23,13.3,15.5,28.3,1.2,2.709
2006-02-24,11.0,15.4,2.8,2.1,2.709
2006-02-27,9.6,16.3,1.1,2.5,2.709
2006-02-28,8.5,14.7,0.4,2.8,2.709
2006-03-01,5.7,16.0,1.6,1.8,0.036
2006-03-05,11.1,21.7,0.1,4.2,0.036
2006-03-06,8.6,13.4,3.3,4.7,0.036
2006-03-07,6.1,12.0,2.6,3.2,0.036
2006-03-08,6.5,11.5,2.8,1.3,0.036
2006-03-11,8.6,16.0,12.0,4.6,0.036
2006-03-12,6.1,13.5,7.3,5.0,0.036
2006-03-13,6.5,13.0,1.8,2.9,0.036
2006-03-21,13.1,16.1,0.2,0.9,0.036
2006-04-11,13.5,20.5,1.1,4.2,0.015
2006-04-24,15.4,20.4,0.1,2.3,0.015
2006-04-25,16.6,20.2,0.1,2.5,0.015
2006-04-26,15.0,20.4,4.9,1.9,0.015
2006-04-27,15.0,19.8,0.1,2.0,0.015
2006-04-28,14.9,20.5,0.8,3.0,0.015
2006-05-03,16.7,21.8,15.4,2.0,0.208
2006-05-04,15.1,19.6,20.7,2.2,0.208
2006-05-05,14.5,18.9,2.3,0.8,0.208
2006-05-09,16.5,21.5,0.7,1.4,0.208
2006-05-10,14.0,23.0,0.1,3.4,0.208
2006-05-20,20.2,30.2,0.8,4.4,0.208
2006-05-30,20.3,29.8,0.4,7.3,0.208
2006-05-31,16.6,21.5,1.1,4.8,0.208
2006-06-01,14.8,20.0,2.2,5.5,0.05
2006-06-02,15.7,23.1,0.5,6.0,0.05
2006-06-11,16.5,23.5,0.1,2.6,0.05
2006-08-09,23.0,28.7,3.0,2.6,0.0
2006-08-15,20.0,29.7,0.2,3.5,0.0
2006-09-10,21.2,29.1,0.9,2.3,0.442
2006-09-11,22.5,26.5,0.4,2.3,0.442
2006-09-13,23.0,28.4,0.0,1.5,0.442
2006-09-14,23.0,28.1,39.7,0.8,0.442
2006-09-15,20.5,27.8,1.0,2.3,0.442
2006-09-16,17.4,27.5,4.5,3.3,0.442
2006-09-25,20.1,27.5,8.5,2.8,0.442
2006-09-26,18.8,25.6,3.3,4.0,0.442
2006-09-27,19.3,24.5,0.4,2.1,0.442
2006-10-04,20.3,30.8,1.7,2.1,1.944
2006-10-13,21.7,26.4,3.3,2.0,1.944
2006-10-14,17.4,23.6,22.1,0.6,1.944
2006-10-15,17.2,25.2,4.2,0.9,1.944
2006-10-18,15.2,23.8,39.0,2.6,1.944
2006-10-19,19.2,26.8,3.4,1.2,1.944
2006-10-20,18.7,26.8,0.1,1.4,1.944
2006-11-03,14.8,19.6,0.8,3.4,0.23
2006-11-12,10.7,23.0,1.8,2.9,0.23
2006-11-14,13.7,20.6,0.5,1.6,0.23
2006-11-22,14.4,18.4,8.4,2.4,0.23
2006-11-23,14.4,21.6,1.6,1.2,0.23
2006-11-27,14.5,21.5,3.7,1.4,0.23
2006-11-28,13.7,20.1,28.6,1.4,0.23
2006-12-03,12.8,20.4,2.2,2.0,20.122
2006-12-06,12.2,19.6,1.2,2.1,20.122
2006-12-07,9.9,20.3,1.2,1.1,20.122
2006-12-09,11.2,18.4,0.5,1.8,20.122
2006-12-10,10.3,20.0,1.0,1.6,20.122
2006-12-11,13.8,17.4,0.4,0.8,20.122
2006-12-13,8.8,18.5,9.0,3.9,20.122
2006-12-15,13.8,20.8,2.4,1.9,20.122
2006-12-16,16.0,18.7,43.5,1.1,20.122
2006-12-18,11.2,18.1,5.1,1.3,20.122
2006-12-22,8.7,16.7,0.2,1.2,20.122
2006-12-23,8.9,18.6,14.0,0.7,20.122
2006-12-24,10.7,14.6,34.2,9.0,20.122
2006-12-25,11.0,17.4,1.2,2.9,20.122
2007-01-08,7.8,18.0,4.6,1.2,0.514
2007-01-09,11.1,17.9,2.3,0.8,0.514
2007-01-25,9.7,15.8,2.6,1.4,0.514
2007-01-26,10.8,18.5,0.3,0.8,0.514
2007-01-29,7.7,19.1,4.7,1.7,0.514
2007-01-30,9.8,16.6,0.2,0.7,0.514
2007-02-01,12.0,15.8,2.9,0.8,1.628
2007-02-02,11.3,16.1,0.2,0.9,1.628
2007-02-04,9.7,17.0,0.2,4.6,1.628
2007-02-07,8.9,19.2,1.2,1.8,1.628
2007-02-09,11.1,17.4,30.5,1.5,1.628
2007-02-10,11.1,16.7,11.4,3.7,1.628
2007-02-15,12.2,18.6,3.8,3.0,1.628
2007-02-18,13.2,16.8,14.4,0.5,1.628
2007-02-19,11.7,14.2,10.8,1.6,1.628
2007-02-20,10.2,17.1,3.0,0.9,1.628
2007-02-23,12.1,14.6,6.7,0.8,1.628
2007-02-26,12.1,17.2,3.7,3.5,1.628
2007-02-27,11.9,17.0,0.6,3.5,1.628
2007-03-06,10.5,19.6,0.4,1.0,8.789
2007-03-07,14.2,21.7,3.7,1.3,8.789
2007-03-08,13.4,18.3,19.6,1.4,8.789
2007-03-09,13.8,15.7,18.1,0.4,8.789
2007-03-10,12.9,15.5,4.8,1.5,8.789
2007-03-11,11.7,15.2,33.0,0.6,8.789
2007-03-12,11.2,17.8,5.5,1.2,8.789
2007-03-20,5.7,13.2,1.0,3.6,8.789
2007-03-22,6.1,13.0,10.6,2.1,8.789
2007-03-23,7.3,14.2,4.4,1.9,8.789
2007-03-24,7.3,19.2,0.2,2.7,8.789
2007-03-29,12.4,18.7,12.2,0.9,8.789
2007-03-30,9.6,16.4,1.2,2.3,8.789
2007-04-02,14.8,18.5,4.2,1.3,0.173
2007-04-03,13.4,19.8,4.7,2.3,0.173
2007-04-04,11.2,18.2,2.3,2.1,0.173
2007-04-05,10.1,19.1,1.8,1.4,0.173
2007-04-12,15.6,20.9,0.2,3.0,0.173
2007-04-13,16.4,19.8,2.2,3.3,0.173
2007-04-22,13.3,23.6,0.0,1.8,0.173
2007-04-29,16.4,21.1,7.0,2.2,0.173
2007-05-02,15.7,21.7,0.5,1.5,0.0
2007-05-03,17.1,20.9,0.1,2.1,0.0
2007-05-16,14.6,22.1,0.1,4.3,0.0
2007-05-17,15.6,22.5,1.3,4.5,0.0
2007-05-27,17.8,24.3,0.3,3.6,0.0
2007-06-01,19.2,25.3,2.6,1.6,0.026
2007-06-02,15.8,18.0,6.5,0.7,0.026
2007-06-03,13.2,22.6,1.6,1.8,0.026
2007-06-04,13.4,22.8,4.6,2.5,0.026
2007-08-20,23.9,30.8,1.0,2.2,0.0
2007-08-21,22.1,30.5,0.3,2.3,0.0
2007-09-18,22.9,35.2,0.4,4.4,0.0
2007-09-19,22.3,29.5,1.4,4.1,0.0
2007-09-24,18.9,29.1,15.1,2.3,0.0
2007-09-29,18.2,27.8,0.2,3.0,0.0
2007-10-06,22.0,27.9,3.1,2.4,0.943
2007-10-07,19.3,26.0,1.4,3.5,0.943
2007-10-09,19.1,26.0,0.3,4.0,0.943
2007-10-10,18.4,25.0,5.2,3.5,0.943
2007-10-13,19.5,25.7,16.8,1.3,0.943
2007-10-14,17.1,24.3,3.0,4.2,0.943
2007-10-16,14.9,24.4,32.7,2.2,0.943
2007-10-20,15.4,21.1,9.6,2.1,0.943
2007-10-21,9.1,15.1,35.3,2.9,0.943
2007-10-22,11.3,17.3,10.1,2.3,0.943
2007-10-29,17.4,22.7,1.0,0.5,0.943
2007-10-30,18.8,24.4,1.0,1.1,0.943
2007-10-31,15.4,22.2,0.4,1.6,0.943
2007-11-01,13.8,23.3,2.2,2.6,3.588
2007-11-02,15.4,21.9,1.8,1.1,3.588
2007-11-03,14.3,21.0,0.9,0.9,3.588
2007-11-05,14.0,21.5,0.1,1.6,3.588
2007-11-06,14.8,20.8,1.9,2.0,3.588
2007-11-07,14.6,21.0,6.6,1.9,3.588
2007-11-08,12.8,19.5,1.4,1.5,3.588
2007-11-14,12.0,20.5,0.6,3.2,3.588
2007-11-15,12.4,18.3,10.2,2.2,3.588
2007-11-16,9.4,15.2,0.1,2.3,3.588
2007-11-17,8.6,13.5,19.6,2.0,3.588
2007-11-24,14.8,21.7,0.2,1.4,3.588
2007-11-27,16.0,20.3,0.4,1.3,3.588
2007-11-29,12.0,19.0,5.8,0.9,3.588
2007-11-30,10.4,18.2,2.9,1.5,3.588
