Temp_min_mean,Temp_min_std,Temp_min_min,Temp_min_25%,Temp_min_50%,Temp_min_75%,Temp_min_max,Temp_max_mean,Temp_max_std,Temp_max_min,Temp_max_25%,Temp_max_50%,Temp_max_75%,Temp_max_max,PLV_mean,PLV_std,PLV_min,PLV_25%,PLV_50%,PLV_75%,PLV_max,EVA_mean,EVA_std,EVA_min,EVA_25%,EVA_50%,EVA_75%,EVA_max,APP
24.5,2.225140445005663,24.5,24.5,24.5,24.5,24.5,29.4,1.5864943383807852,29.4,29.4,29.4,29.4,29.4,0.0,8.667962357357778,0.0,0.0,0.0,0.0,0.0,3.3,1.1551128578133456,3.3,3.3,3.3,3.3,3.3,0.0
19.862499999999997,2.225140445005663,17.1,18.775000000000002,19.75,20.7,24.0,26.3625,1.5864943383807852,24.2,25.25,26.4,27.45,28.5,5.425,8.667962357357778,0.3,0.6499999999999999,0.9,5.65,24.5,2.95,1.1551128578133456,1.7,2.475,2.6500000000000004,2.9749999999999996,5.6,0.0
17.176470588235293,3.647521317923431,10.4,15.2,17.3,19.0,22.7,23.91764705882353,2.9793529696306646,18.0,21.4,25.1,26.1,27.0,13.664705882352942,31.262556300958316,0.1,0.6,2.4,10.1,130.4,2.8117647058823527,1.1962871482952873,1.4,2.1,2.5,4.0,5.6,0.2
12.711764705882352,2.117747138158017,9.5,11.2,12.2,14.7,16.3,18.676470588235293,1.5813480846119499,16.0,17.6,18.1,19.7,22.1,6.211764705882352,6.739332529351588,0.2,1.1,2.7,10.5,22.4,1.9,0.9171968163922071,0.8,1.3,1.7,2.1,4.7,5.58
8.169999999999998,3.00580140815443,0.4,7.3999999999999995,8.649999999999999,10.299999999999999,11.4,14.745000000000001,2.569758333917188,8.8,13.35,15.5,16.775,17.7,5.0,6.773943887387442,0.0,0.475,2.5,6.049999999999999,25.2,2.535,1.5445234318646472,0.9,1.3749999999999998,2.0,3.25,6.2,1.5500000000000003
7.566666666666666,2.7310781531819774,3.5,6.225,7.05,9.35,12.3,12.775,1.6847578730812005,10.0,12.0,12.65,13.724999999999998,16.2,6.175000000000001,5.993196900729117,0.2,1.05,5.050000000000001,9.5,18.6,2.35,1.5945931370500983,0.9,1.0750000000000002,1.8,3.4749999999999996,5.9,5.864999999999999
9.382352941176473,2.366229937611106,5.0,7.4,10.2,10.8,13.1,15.305882352941175,1.2847522077405116,12.4,14.8,15.1,15.7,17.6,3.5058823529411764,5.46002181637529,0.0,0.2,0.7,3.6,19.1,2.1294117647058823,0.7597406678287936,1.2,1.6,1.9,2.6,4.0,8.217
7.8933333333333335,2.106610909448995,4.4,6.6,7.5,9.5,12.2,13.286666666666667,2.006726782836264,9.1,12.6,13.0,14.4,16.8,5.713333333333333,7.462751949962337,0.0,0.7,2.5,7.95,22.7,2.186666666666667,0.7395622901097519,1.3,1.7,2.1,2.6,3.7,2.1299999999999994
10.566666666666666,2.58740539279539,6.2,10.05,10.399999999999999,12.4,13.4,17.633333333333333,2.985743905070672,13.1,16.900000000000002,17.4,18.5,22.3,2.6166666666666667,2.4243899576319534,0.0,0.575,2.7,3.775,6.3,3.0833333333333335,0.9474527252938095,1.8,2.45,3.25,3.5250000000000004,4.4,0.856
12.818181818181818,3.0950987647628248,7.6,9.9,13.8,15.3,16.4,20.081818181818182,2.086057612731816,16.3,18.6,20.6,21.25,23.0,2.963636363636364,5.817778395104565,0.0,0.15000000000000002,0.6,2.35,19.6,2.1999999999999997,0.7028513356322231,1.3,1.75,2.0,2.85,3.3,0.22699999999999998
17.1,2.077879468271323,17.1,17.1,17.1,17.1,17.1,25.3,1.2551608407218713,25.3,25.3,25.3,25.3,25.3,0.2,4.28774742086605,0.2,0.2,0.2,0.2,0.2,2.4,0.5989130412314032,2.4,2.4,2.4,2.4,2.4,0.031
22.15,1.0606601717798212,21.4,21.775,22.15,22.525,22.9,27.9,0.424264068711927,27.6,27.750000000000004,27.9,28.049999999999997,28.2,1.95,2.7577164466275352,0.0,0.975,1.95,2.925,3.9,2.25,0.4949747468305834,1.9,2.0749999999999997,2.25,2.4250000000000003,2.6,0.021
23.566666666666666,1.1846237095944578,22.2,23.2,24.2,24.25,24.3,28.133333333333336,0.8326663997864536,27.2,27.799999999999997,28.4,28.6,28.8,9.666666666666666,12.15332601937977,2.6,2.6500000000000004,2.7,13.2,23.7,2.766666666666667,1.8147543451754933,1.1,1.8,2.5,3.6,4.7,0.0
17.12,1.9829271292712698,14.9,15.5,17.0,18.7,19.5,24.42,1.833575741549827,23.0,23.2,23.3,25.4,27.2,2.94,4.010361579708245,0.1,0.4,1.9,2.4,9.9,3.2800000000000002,1.0183319694480772,1.8,2.8,3.4,4.1,4.3,0.041
11.45,3.3972273762811116,6.0,9.350000000000001,11.3,13.8,17.2,19.39285714285714,3.2871461285330277,15.2,16.75,19.0,20.95,26.6,6.6499999999999995,13.823989739134369,0.1,0.3,1.3,4.15,51.0,3.092857142857143,1.0087801359252484,1.4,2.6,2.95,3.375,5.0,0.18900000000000003
11.92,3.0925717453278265,5.6,10.5,11.9,14.45,15.5,17.479999999999997,2.022539657625202,12.6,16.7,18.15,18.75,19.6,2.77,4.73123192789738,0.1,0.2,0.4,2.3499999999999996,14.2,2.37,1.7094833527511561,0.4,0.9000000000000001,2.1500000000000004,3.4250000000000003,5.4,0.094
8.516666666666667,1.2561364527306689,5.9,7.949999999999999,8.4,9.5,10.4,15.766666666666666,1.996056718693741,13.6,14.175,15.5,17.224999999999998,20.2,4.191666666666666,3.961280402122832,0.3,0.8500000000000001,2.5,6.875,11.5,3.5250000000000004,1.2892034186060222,2.1,2.425,3.2,4.375,6.1,0.113
8.238461538461538,2.7693376047767755,4.5,5.8,8.2,10.5,12.0,14.976923076923073,2.7074446273666264,10.0,12.7,15.1,17.5,19.2,1.953846153846154,2.5411989901800895,0.0,0.2,0.8,2.9,7.0,2.8230769230769233,1.9262025880619127,1.1,1.8,2.0,2.8,7.7,0.172
7.477777777777778,2.449376337855097,4.5,5.0,7.5,9.5,11.4,14.822222222222223,3.4751898429358423,11.5,13.0,13.4,14.5,22.0,5.311111111111111,9.148967762054422,0.3,1.2,3.0,3.1,29.5,3.9444444444444446,1.460403292853648,2.2,2.8,3.8,4.9,6.4,0.613
11.82,1.141052146047673,10.8,11.2,11.2,12.3,13.6,20.059999999999995,0.7536577472566707,19.2,19.6,19.8,20.8,20.9,3.6400000000000006,3.8161498922343187,0.2,0.2,2.7,6.3,8.8,2.08,0.7362064927722384,1.3,1.5,1.9,2.8,2.9,0.184
15.36,2.228901074520805,12.6,14.2,15.0,16.6,18.4,23.380000000000003,1.742699056062177,21.8,22.4,22.5,24.1,26.1,0.5800000000000001,0.44944410108488464,0.2,0.2,0.4,0.9,1.2,2.68,0.3420526275297413,2.2,2.5,2.8,2.8,3.1,0.23499999999999996
18.1125,2.2164563093886085,13.3,18.099999999999998,19.15,19.224999999999998,19.8,25.112499999999997,4.218814152951378,19.6,22.4,24.799999999999997,26.625,33.4,2.225,2.435305788954292,0.1,0.8750000000000001,1.15,3.3249999999999997,7.4,2.925,1.5772942473923952,1.0,1.5499999999999998,3.1500000000000004,3.6999999999999997,5.1,0.057
21.233333333333334,2.441993720985648,18.5,20.25,22.0,22.6,23.2,28.900000000000002,0.2645751311064588,28.7,28.75,28.8,29.0,29.2,0.4000000000000001,0.29999999999999993,0.1,0.25,0.4,0.55,0.7,2.466666666666667,0.4618802153517005,2.2,2.2,2.2,2.6,3.0,0.006000000000000001
24.8,3.0362179979242327,24.8,24.8,24.8,24.8,24.8,31.4,1.5233403243577894,31.4,31.4,31.4,31.4,31.4,0.2,4.544659005859018,0.2,0.2,0.2,0.2,0.2,3.3,0.9820319055866575,3.3,3.3,3.3,3.3,3.3,0.0
18.47,3.630442274862818,14.7,15.35,17.7,21.575,24.4,25.93,2.78210551760912,22.5,23.7,25.2,28.799999999999997,29.5,4.39,8.789318011718038,0.0,0.35000000000000003,1.6,3.175,29.0,3.789999999999999,1.5021835958216145,2.3,2.425,3.75,4.3,7.0,0.05
17.2375,3.465725032370572,13.6,15.125,16.5,18.1,23.0,23.7875,2.4056110004974385,20.7,22.125,23.75,25.200000000000003,27.0,5.6375,9.286232128417701,0.2,0.27499999999999997,0.8500000000000001,7.65,27.1,3.075,0.9223417401995238,1.9,2.5749999999999997,2.95,3.8,4.5,0.67
12.59375,4.208953749646896,6.4,9.425,12.2,15.55,19.9,19.0,3.6892637025112025,12.8,16.025,20.1,22.075,23.5,3.00625,2.7059117379052355,0.2,0.7750000000000001,1.9500000000000002,4.025,8.4,2.61875,0.8408081429989445,1.6,1.8749999999999998,2.3499999999999996,3.2250000000000005,4.2,1.034
8.01875,2.5802373921792547,4.1,6.6499999999999995,7.55,9.475000000000001,14.0,14.524999999999999,2.1806726790908653,10.6,13.3,14.350000000000001,16.5,17.4,4.20625,5.370346823064596,0.0,0.45,2.5,5.55,20.2,2.9312500000000004,1.7518442662900529,1.1,1.5750000000000002,2.35,3.8000000000000003,7.2,0.287
8.4,1.2733964274877096,5.8,7.775,8.35,9.25,10.4,14.450000000000003,0.9120981728537102,12.9,13.8,14.25,15.075,16.0,3.521428571428572,5.414251645344985,0.0,0.22500000000000003,0.6000000000000001,6.575000000000001,18.2,1.3214285714285714,0.361999939287227,0.8,1.025,1.3,1.5500000000000003,2.0,0.35299999999999987
9.06,2.2046415682474203,6.0,7.425,9.4,9.475,12.6,15.930000000000001,2.0022487357968286,12.6,14.55,15.45,17.725,18.9,2.6599999999999997,2.748817927764587,0.2,0.3,1.9,4.175,7.5,2.99,1.146443776786866,1.0,2.425,3.0,3.675,4.9,0.188
10.55,2.7347760420187974,6.4,9.350000000000001,11.0,11.45,14.5,17.066666666666666,1.4080719678577038,14.5,16.674999999999997,17.65,17.95,18.2,2.8166666666666664,2.8124129616161753,0.0,0.625,2.45,4.05,7.4,2.5166666666666666,0.4535048695071164,2.1,2.3249999999999997,2.4,2.475,3.4,0.052
10.542857142857143,1.6460631244043493,8.3,9.4,10.7,11.75,12.5,18.82857142857143,2.4184804359447734,15.1,17.25,19.0,21.0,21.2,5.228571428571429,5.679411438319494,0.4,2.0,3.9,5.6,17.1,4.257142857142857,1.2972498382567417,3.1,3.2,3.5,5.3,6.2,0.136
13.524999999999999,1.4930394055974094,12.3,12.825,13.05,13.75,15.7,20.225,2.8194266556636425,17.4,18.0,20.4,22.625000000000004,22.7,0.225,0.12583057392117916,0.1,0.17500000000000002,0.2,0.25,0.4,4.199999999999999,1.1972189997378646,3.1,3.4,3.95,4.75,5.8,0.012
17.8,4.525483399593905,14.6,16.2,17.8,19.4,21.0,24.0,3.1112698372208083,21.8,22.900000000000002,24.0,25.099999999999998,26.2,3.85,0.9192388155425116,3.2,3.5250000000000004,3.85,4.175,4.5,3.2,0.0,3.2,3.2,3.2,3.2,3.2,0.016
21.525,1.9311050377094103,19.6,20.65,21.15,22.025000000000002,24.2,28.299999999999997,1.706848948598948,26.9,26.975,27.9,29.225,30.5,0.725,0.6396613687465162,0.0,0.30000000000000004,0.75,1.175,1.4,5.0,1.2516655570345727,3.3,4.5,5.25,5.749999999999999,6.2,0.0
19.65,1.2020815280171302,18.8,19.225,19.65,20.075,20.5,28.0,0.565685424949236,27.6,27.800000000000004,28.0,28.199999999999996,28.4,2.1,2.9698484809834995,0.0,1.05,2.1,3.1500000000000004,4.2,5.1,2.2627416997969525,3.5,4.3,5.1,5.9,6.7,0.047
20.790909090909096,2.906700722625068,16.0,18.65,20.7,23.4,25.1,27.127272727272725,1.0238075103171589,25.5,26.299999999999997,27.1,27.9,28.6,2.2909090909090906,4.428646417463138,0.0,0.1,0.4,1.85,14.8,3.6545454545454543,1.446626168962553,1.6,2.6,3.6,4.5,6.3,0.07499999999999998
15.270000000000001,1.9119797767410267,12.1,13.950000000000001,15.4,16.325,18.3,22.5,1.3888444437333107,20.5,21.325,22.35,23.575000000000003,24.5,6.829999999999998,8.855387562884466,0.1,1.4,3.75,5.8500000000000005,24.7,3.5400000000000005,0.7691264886581112,2.0,3.125,3.5,3.95,4.7,0.196
13.35,3.142981599267379,9.0,11.274999999999999,13.25,16.025000000000002,17.9,19.720000000000002,1.856400339965015,17.4,18.1,19.65,20.725,22.5,2.23,2.6641863465022277,0.1,0.4,0.8500000000000001,3.0749999999999997,7.5,2.5300000000000002,1.3283657461541063,1.1,1.375,2.4,3.3,5.3,0.029000000000000005
12.545454545454545,2.402650052073184,7.8,11.8,13.5,14.05,15.4,17.636363636363633,1.906972851024748,15.2,16.25,17.2,18.85,20.7,7.881818181818182,12.070113353388043,0.1,0.44999999999999996,1.8,9.4,33.1,1.9454545454545455,0.6608534426991152,1.1,1.5,1.8,2.1500000000000004,3.3,4.234000000000001
10.411764705882353,1.6266846471201695,7.7,9.3,11.1,11.8,12.5,15.382352941176471,1.068430679851088,13.3,14.7,15.3,16.0,17.4,9.941176470588236,14.198682105372024,0.2,1.7,3.6,12.2,50.9,1.9529411764705884,0.578918870674924,1.3,1.5,1.7,2.5,3.0,14.618
8.4,2.116601048851672,6.0,7.6,9.2,9.6,10.0,17.03333333333333,0.46188021535170104,16.5,16.9,17.3,17.3,17.3,0.9333333333333332,0.30550504633038933,0.6,0.8,1.0,1.1,1.2,2.4,0.6557438524302001,1.8,2.05,2.3,2.7,3.1,0.133
9.892857142857142,2.431037855514606,6.3,7.925,10.35,11.075,14.0,16.814285714285713,2.2517880563120167,13.2,14.875,17.1,18.225,21.3,1.2357142857142855,1.0731744018114189,0.1,0.45000000000000007,0.8,1.7999999999999998,3.2,2.4642857142857144,1.1499880553608057,0.8,1.4000000000000001,2.55,3.2749999999999995,4.2,0.09800000000000002
11.999999999999998,2.659652232905648,7.2,9.6,12.4,14.0,15.5,18.552941176470586,2.1050883731624026,15.6,17.4,18.1,18.6,24.5,2.841176470588235,3.6364575522631584,0.0,0.7,1.5,3.5,14.1,3.3529411764705883,1.6515589783061122,0.9,2.3,3.2,4.3,6.2,0.043
16.24285714285714,2.704845739814098,11.6,14.95,16.8,17.95,19.5,22.514285714285712,3.216845541535254,19.4,20.15,21.0,24.7,27.5,6.085714285714286,9.424158418912636,0.0,0.25,1.1,7.699999999999999,25.6,2.5,0.916515138991168,1.2,1.95,2.5,3.05,3.8,0.04399999999999999
19.2,1.339776100697426,17.1,18.8,19.6,19.9,20.6,25.860000000000003,1.6876018487783189,24.5,24.5,25.3,26.5,28.5,0.54,0.39115214431215894,0.1,0.3,0.4,0.9,1.0,3.1999999999999997,1.08397416943394,2.1,2.4,2.8,4.2,4.5,0.064
19.4,0.989949493661168,18.7,19.049999999999997,19.4,19.75,20.1,26.35,3.323401871576773,24.0,25.175,26.35,27.525,28.7,3.8000000000000003,5.091168824543142,0.2,2.0,3.8000000000000003,5.6000000000000005,7.4,3.0,2.4041630560342617,1.3,2.1500000000000004,3.0,3.8500000000000005,4.7,0.101
21.950000000000003,0.21213203435596475,21.8,21.875,21.950000000000003,22.025000000000002,22.1,29.15,0.07071067811865325,29.1,29.125000000000004,29.15,29.174999999999997,29.2,0.1,0.0,0.1,0.1,0.1,0.1,0.1,2.5999999999999996,0.42426406871192857,2.3,2.4499999999999997,2.5999999999999996,2.75,2.9,0.08
23.15,3.323401871576773,20.8,21.975,23.15,24.325,25.5,29.35,0.21213203435596475,29.2,29.275,29.35,29.425,29.5,0.75,0.9192388155425117,0.1,0.425,0.75,1.0749999999999997,1.4,3.0,0.8485281374238571,2.4,2.6999999999999997,3.0,3.3000000000000003,3.6,0.0
20.10909090909091,2.659494141920431,17.0,18.5,19.4,21.7,24.5,26.0,2.1931712199461306,22.0,25.25,26.6,27.7,28.3,4.218181818181819,11.811589070215588,0.1,0.2,0.7,1.1,39.8,3.190909090909091,0.9544155755796795,1.7,2.5999999999999996,3.1,3.9,4.6,0.46699999999999997
13.330769230769231,2.5688468928634807,9.3,11.3,13.7,15.2,17.6,20.199999999999996,2.1786846184490924,14.3,19.5,20.5,21.0,23.6,4.292307692307693,5.031974685028655,0.1,0.5,3.1,5.0,13.9,2.776923076923077,0.8671349819509515,1.4,2.2,2.6,3.0,4.2,0.07199999999999998
7.98888888888889,1.8489707435374731,5.4,6.575,7.8,8.75,12.0,14.594444444444443,1.5865138334697402,12.2,13.075000000000001,14.850000000000001,15.45,18.0,12.000000000000002,22.531337653823133,0.1,1.6,4.35,11.024999999999999,97.8,2.3833333333333337,0.9407443861113389,0.5,2.0,2.5,2.8499999999999996,4.1,7.2940000000000005
8.399999999999999,1.7320508075688772,4.6,7.9,8.6,8.75,12.3,14.016666666666666,1.519469604430401,12.0,13.049999999999999,13.25,14.825,16.7,17.3,30.379688190392187,0.1,0.475,2.95,20.95,107.4,1.6416666666666666,0.7936776690976269,0.3,1.25,1.55,1.9999999999999998,3.4,13.818999999999997
8.056249999999999,2.2402287829594547,4.1,6.925000000000001,8.1,9.35,13.1,13.537500000000001,2.442642012248213,9.3,12.1,13.25,14.974999999999998,17.7,2.8375,3.800504352494986,0.0,0.4,1.25,3.55,13.0,1.96875,0.7445076672987772,0.8,1.5500000000000003,1.95,2.225,3.3,3.045
13.4,0.9201449161228169,12.3,12.9,13.3,13.6,15.2,16.271428571428572,1.9737563896576211,13.7,15.05,15.6,17.6,19.3,3.1428571428571432,3.1732512994598787,0.0,0.5,3.1,4.95,8.0,1.8142857142857145,0.7819389819088006,0.9,1.3,1.5,2.3,3.1,0.294
10.2,2.406808524317477,7.2,8.25,9.9,11.55,14.6,17.666666666666668,1.6069922969399204,14.1,17.0,17.85,18.4,20.0,6.816666666666666,8.510189970460901,0.0,0.32500000000000007,2.3,11.524999999999999,21.3,2.325,0.8389658135845801,1.3,1.65,2.3,2.525,3.9,0.7000000000000001
13.539999999999997,3.1317726609701415,9.6,12.2,12.4,16.7,16.8,19.64,1.4345731072343444,17.7,18.9,19.8,20.3,21.5,2.0799999999999996,3.7525990992910496,0.0,0.1,0.1,1.5,8.7,2.4200000000000004,1.1454256850621083,1.6,1.8,1.9,2.4,4.4,0.022
15.8,1.2727922061357848,14.9,15.350000000000001,15.8,16.25,16.7,21.6,0.5656854249492386,21.2,21.4,21.6,21.8,22.0,4.7,6.646803743153547,0.0,2.35,4.7,7.050000000000001,9.4,2.4000000000000004,0.42426406871192857,2.1,2.25,2.4000000000000004,2.5500000000000003,2.7,0.005
21.275,1.22678441463853,19.7,20.275000000000002,21.25,21.95,23.1,28.1375,0.9855201672213523,26.9,27.275,28.35,28.700000000000003,29.6,8.825,17.99902775152036,0.3,0.6749999999999999,1.95,5.05,52.9,2.4875,0.5767829500154902,1.2,2.475,2.55,2.7,3.1,0.072
16.83076923076923,3.3998491670917343,11.4,15.0,17.4,18.5,23.4,22.792307692307695,2.8779221493007583,18.0,20.0,23.1,24.7,26.8,8.430769230769231,8.982611407174847,0.5,1.2,1.9,13.7,25.2,2.0,0.8774964387392121,0.7,1.3,1.9,2.6,3.4,0.133
12.6,1.4785127662620978,10.5,11.5,13.1,13.7,14.6,18.636363636363637,2.1233335711907,16.0,16.450000000000003,19.1,19.95,21.7,12.081818181818182,26.49210517047742,0.1,0.15000000000000002,3.9,9.0,90.4,2.5727272727272728,0.7695335068610191,1.3,2.15,2.5,2.8499999999999996,4.1,1.6340000000000001
9.095652173913043,2.2710586760102482,5.6,7.3,8.5,10.8,13.0,14.286956521739128,1.8897581249331852,10.3,13.3,14.5,15.649999999999999,17.8,8.156521739130437,17.438276241098762,0.1,0.35,2.1,8.0,81.1,2.5043478260869567,1.5578184807519557,0.5,1.1,2.3,3.2,5.6,4.2090000000000005
10.333333333333334,1.172461797529739,9.4,9.450000000000001,9.8,11.125,12.1,15.0,1.0990905331227268,13.5,14.399999999999999,15.05,15.4,16.7,8.549999999999999,10.144900196650532,0.2,0.7,5.1,13.475000000000001,25.4,1.7833333333333332,0.5344779384283944,1.0,1.4749999999999999,1.85,2.075,2.5,0.9960000000000001
8.3,1.8081014266989475,5.6,7.050000000000001,8.0,9.225000000000001,11.4,14.299999999999997,2.358617587290684,10.7,12.825,14.5,16.0,18.3,5.614285714285715,8.062053292846885,0.2,0.7,1.15,8.9,26.5,2.307142857142857,1.167814715094483,0.9,1.2249999999999999,2.4,3.1,4.2,2.5349999999999997
10.277777777777779,2.2867978582385557,6.9,8.9,9.6,12.0,13.3,15.533333333333335,1.0618380290797653,14.2,14.8,15.4,16.0,17.8,2.1888888888888887,2.4152869624769457,0.0,0.2,1.7,4.2,6.8,2.1,1.2227019260637484,0.8,1.2,2.1,2.3,4.5,0.383
10.816666666666668,2.216809063551127,6.9,9.9,10.65,11.525,15.1,17.316666666666666,2.2842676699281084,14.0,15.95,17.35,18.3,22.5,6.175,6.736214879967155,0.0,2.325,4.05,7.475,24.3,2.25,0.7786935445755514,1.2,1.6749999999999998,2.2,2.925,3.6,2.116
14.05,2.9717719581806024,9.0,13.45,15.3,15.7,16.8,19.762500000000003,2.9378989090845176,14.5,17.975,20.4,22.125,22.6,3.4375,4.099804002283872,0.0,0.2,2.15,5.0249999999999995,11.9,1.8625,0.7670677004951109,0.7,1.425,1.8,2.3000000000000003,3.1,0.166
16.666666666666668,0.8386497083606088,15.7,16.4,17.1,17.15,17.2,24.733333333333334,0.40414518843273767,24.5,24.5,24.5,24.85,25.2,0.10000000000000002,0.1,0.0,0.05,0.1,0.15000000000000002,0.2,4.533333333333333,0.6350852961085887,3.8,4.35,4.9,4.9,4.9,0.045000000000000005
17.633333333333333,1.5176736583776278,16.0,16.95,17.9,18.45,19.0,23.899999999999995,1.8027756377319946,22.4,22.9,23.4,24.65,25.9,19.133333333333336,24.422598824312974,0.2,5.35,10.5,28.6,46.7,2.4666666666666663,1.3012814197295424,1.2,1.7999999999999998,2.4,3.0999999999999996,3.8,0.271
20.1,1.7752014863460475,20.1,20.1,20.1,20.1,20.1,31.4,1.9798067538664463,31.4,31.4,31.4,31.4,31.4,12.6,20.470507231156326,12.6,12.6,12.6,12.6,12.6,4.0,1.1969892798904225,4.0,4.0,4.0,4.0,4.0,0.0
23.3,2.032729314314467,23.3,23.3,23.3,23.3,23.3,27.9,2.156837870000898,27.9,27.9,27.9,27.9,27.9,0.8,16.518415637999677,0.8,0.8,0.8,0.8,0.8,1.7,1.0926971400513026,1.7,1.7,1.7,1.7,1.7,0.323
16.34444444444445,2.290257142282887,12.3,15.8,16.8,17.8,19.9,23.522222222222222,2.3338689861353497,19.3,22.5,22.9,25.3,26.7,8.0,12.566324044843027,0.2,0.7,1.0,13.4,37.0,3.3222222222222224,0.9884050002121826,2.0,2.9,3.1,3.6,5.4,0.71
13.049999999999999,2.702406335102107,8.7,11.600000000000001,14.1,14.8,15.6,19.23333333333333,3.235840952004079,13.5,18.375,19.950000000000003,21.45,22.2,7.666666666666667,7.513632055581819,0.5,3.375,6.25,8.149999999999999,21.8,2.6999999999999997,1.1278297743897348,1.5,1.9749999999999999,2.3,3.6,4.2,0.614
8.819999999999999,2.7433556094680838,4.1,7.3,9.0,11.100000000000001,12.6,15.426666666666668,2.770370441105734,11.2,13.15,15.9,17.25,20.7,7.366666666666665,14.314960539173528,0.2,0.9,2.4,3.8499999999999996,47.9,1.9466666666666668,0.8749421749600425,1.1,1.35,1.6,2.1500000000000004,4.2,1.503
6.216666666666666,1.8819316317727022,4.2,4.625,6.2,7.475,8.7,12.783333333333333,3.098010114035567,9.7,10.125,12.6,14.775000000000002,17.0,6.116666666666666,6.021101781789332,0.0,0.7250000000000001,5.949999999999999,11.175,12.9,2.05,0.8018728078691783,1.1,1.5499999999999998,2.05,2.25,3.4,5.05
7.5352941176470605,2.9068757232789015,2.2,5.5,6.9,9.5,13.5,14.182352941176472,2.4852654018529003,8.5,13.4,14.7,16.2,17.0,7.5,10.730156103244726,0.0,0.6,4.6,9.2,45.7,2.458823529411765,1.1341620384282682,0.8,1.3,2.6,3.5,4.0,1.657
7.921428571428572,2.307238966460052,4.6,6.824999999999999,7.8,8.5,12.4,14.521428571428572,2.595314882756877,10.0,13.025,14.7,15.225000000000001,21.1,5.0928571428571425,5.358022638381309,0.1,1.0,4.0,6.2250000000000005,18.9,2.714285714285715,1.4991572724275886,0.8,1.6500000000000001,2.5,3.25,6.6,1.3969999999999998
11.819999999999999,2.95076261329169,8.7,9.1,12.5,13.0,15.8,17.9,2.346273641330013,15.1,15.7,18.8,19.7,20.2,1.6600000000000001,1.0114346246792227,0.3,0.9,2.2,2.2,2.7,2.52,0.8786353054595518,1.0,2.6,2.8,3.0,3.2,0.023
13.577777777777778,2.316127035472028,9.3,12.8,13.0,15.4,16.9,20.72222222222222,2.492377267679282,15.8,19.6,20.3,22.8,24.2,6.855555555555555,14.436768259474759,0.1,0.9,1.9,4.3,45.1,2.5555555555555554,1.0806376718298218,1.1,2.1,2.5,2.7,4.3,0.947
20.7,0.9899494936611655,20.0,20.35,20.7,21.049999999999997,21.4,25.9,0.8485281374238565,25.3,25.6,25.9,26.2,26.5,0.25,0.21213203435596428,0.1,0.17500000000000002,0.25,0.32500000000000007,0.4,2.05,0.919238815542512,1.4,1.7249999999999999,2.05,2.3750000000000004,2.7,0.005
24.7,1.9652638340511879,24.7,24.7,24.7,24.7,24.7,29.0,1.5153262423146363,29.0,29.0,29.0,29.0,29.0,0.5,9.316820600815523,0.5,0.5,0.5,0.5,0.5,5.0,1.0968007006542155,5.0,5.0,5.0,5.0,5.0,0.026
21.049999999999997,2.9405781744412103,17.9,18.725,20.45,23.6,24.7,28.08333333333333,2.1821243472054164,25.1,26.4,28.75,29.674999999999997,30.3,13.700000000000001,18.421509167275083,0.0,1.1,3.35,27.875000000000004,39.1,3.1999999999999997,1.2743625857659193,1.9,2.2750000000000004,2.8,4.15,5.0,0.524
18.083333333333332,2.069621543503385,14.9,17.299999999999997,17.7,18.875,22.8,22.78333333333333,1.4855873239125654,20.5,22.275,22.85,23.325000000000003,26.3,6.708333333333333,6.720992666581509,0.1,2.1999999999999997,4.15,11.25,21.9,2.5416666666666665,0.9839238083337859,1.4,2.1,2.3,2.65,5.2,6.934
13.046153846153846,2.8271349999057893,9.0,11.0,12.8,14.7,18.7,19.30769230769231,2.691487054418535,16.5,17.5,18.2,19.9,24.2,4.407692307692308,6.339487563210654,0.1,0.2,0.9,7.2,21.9,2.769230769230769,1.0003204614727352,1.5,2.1,2.6,3.2,4.9,0.6490000000000001
9.55,1.7219175357722567,7.7,8.299999999999999,9.05,10.0,12.5,15.76,2.130310358192492,12.4,14.75,16.0,16.875,19.5,3.55,2.6277366686941828,0.0,2.1,3.1500000000000004,5.35,7.7,2.34,1.058510483861376,1.1,1.575,2.3,2.475,4.8,0.274
9.299999999999999,1.5517731793016656,7.2,8.0,9.8,10.5,11.5,15.463636363636363,1.303282568956347,13.5,14.8,15.5,15.850000000000001,18.0,5.536363636363637,6.559462283948697,0.1,0.6,3.0,8.8,20.0,2.1363636363636362,1.102064178959399,0.8,1.4,2.0,2.5,4.8,1.1549999999999998
8.623076923076924,1.5906779718901023,6.4,7.5,8.2,9.6,12.7,13.76923076923077,1.3040862799834316,11.9,12.8,13.8,14.5,16.5,9.923076923076923,8.219707400120138,0.9,2.7,9.5,12.7,26.0,2.569230769230769,1.231113733836572,0.6,1.8,2.3,3.2,5.2,8.504000000000001
9.3,1.6064229167790574,9.3,9.3,9.3,9.3,9.3,18.0,2.0663829657963713,18.0,18.0,18.0,18.0,18.0,1.2,5.1409765277165445,1.2,1.2,1.2,1.2,1.2,1.1,1.748347353157593,1.1,1.1,1.1,1.1,1.1,0.046
10.285714285714286,1.6221678616680122,8.5,9.149999999999999,10.1,10.95,13.2,18.085714285714285,2.8286796516093107,14.0,16.8,17.1,20.049999999999997,21.8,1.657142857142857,2.062245655312951,0.1,0.7,1.1,1.4,6.2,3.857142857142857,2.265580972478614,1.5,2.1,3.5,5.35,7.1,0.08999999999999998
13.325,2.934138147168034,9.0,12.75,14.55,15.125,15.2,20.675,1.1757976016304836,19.8,20.025000000000002,20.25,20.9,22.4,3.8,6.219860662962368,0.3,0.37500000000000006,0.8999999999999999,4.324999999999999,13.1,2.925,0.9535023160258534,1.8,2.325,3.0,3.6,3.9,0.136
15.65,1.9091883092036779,14.3,14.975000000000001,15.65,16.325,17.0,21.65,4.45477272147525,18.5,20.075,21.65,23.225,24.8,7.05,8.555992052357224,1.0,4.025,7.05,10.075,13.1,3.5,3.676955262170047,0.9,2.2,3.5,4.799999999999999,6.1,0.082
22.7,2.6013333567829253,22.7,22.7,22.7,22.7,22.7,29.4,3.5655754355697282,29.4,29.4,29.4,29.4,29.4,0.6,5.257409115737865,0.6,0.6,0.6,0.6,0.6,2.6,2.8140543835755696,2.6,2.6,2.6,2.6,2.6,0.004
20.580000000000002,3.2934784043621725,16.6,17.9,21.3,22.5,24.6,26.159999999999997,2.676378149664206,23.1,23.4,27.8,27.9,28.6,1.58,1.9588261791185049,0.1,0.2,1.1,1.6,4.9,3.6799999999999997,1.9511535049810922,1.7,2.0,3.3,5.4,6.0,0.0
18.069230769230767,1.7494687838429765,15.8,16.8,17.7,18.9,21.7,23.884615384615383,2.39751473886542,20.4,22.5,24.0,24.8,29.4,8.099999999999998,18.25970061821022,0.0,0.3,1.4,6.0,67.4,2.7076923076923074,1.3009365462757583,0.9,2.2,2.4,2.9,5.5,1.5079999999999996
15.72857142857143,2.4376999307504916,12.6,14.55,15.2,16.4,20.4,21.542857142857144,1.3782321319443291,20.2,20.549999999999997,21.0,22.25,24.0,3.585714285714286,5.616472371939696,0.0,0.25,0.6,5.25,13.5,2.5142857142857147,1.1639423975274312,1.3,1.75,2.1,3.0,4.7,0.508
10.491666666666665,2.4740317971548653,6.6,8.575,10.7,11.849999999999998,14.2,16.758333333333336,2.365839590863457,14.0,14.3,16.6,19.224999999999998,19.8,3.516666666666667,4.440277086631037,0.2,0.45,1.2,4.625,13.9,2.3249999999999997,0.7569376100145542,1.1,1.8749999999999998,2.2,2.8,3.9,0.147
7.0588235294117645,3.1751100027261674,2.8,4.5,7.0,9.5,12.2,12.658823529411766,3.795730961147242,8.2,10.6,11.7,14.2,23.7,6.547058823529412,7.069398634878608,0.0,0.5,6.8,11.2,26.2,2.9058823529411764,1.261680718444297,0.9,1.8,3.0,3.5,5.1,2.311
10.200000000000001,0.5291502622129183,9.6,10.0,10.4,10.5,10.6,17.900000000000002,2.264950330581225,15.5,16.85,18.2,19.1,20.0,0.06666666666666667,0.05773502691896258,0.0,0.05,0.1,0.1,0.1,2.966666666666667,0.9237604307034013,1.9,2.7,3.5,3.5,3.5,0.068
8.915384615384616,2.1690420903577667,5.4,8.0,8.6,10.0,14.0,15.87692307692308,2.0232621539458853,13.3,14.4,15.5,16.3,20.5,10.26153846153846,23.712181765973455,0.1,0.8,1.7,8.0,87.3,3.9538461538461536,2.129403431564572,1.0,2.5,3.3,5.7,7.7,0.36399999999999993
11.6,2.1746473068272265,7.1,10.325000000000001,11.5,13.225,14.7,18.48333333333333,1.3920771486806285,16.4,17.65,17.85,19.25,21.3,3.3416666666666663,5.18239297715804,0.2,0.49999999999999994,1.15,3.425,17.6,2.8166666666666664,1.03206177874753,1.3,2.3,2.6,3.2500000000000004,4.9,0.084
16.9,1.8888326469169092,16.9,16.9,16.9,16.9,16.9,23.5,1.793649616558822,23.5,23.5,23.5,23.5,23.5,0.3,3.478890129425906,0.3,0.3,0.3,0.3,0.3,2.6,1.0861186019233338,2.6,2.6,2.6,2.6,2.6,0.0
19.28333333333333,1.6030179870065921,16.6,19.075,19.450000000000003,19.6,21.6,26.650000000000002,2.195222084437016,23.6,25.475,26.75,27.5,30.0,1.2,1.7753872816937717,0.1,0.3,0.35,1.15,4.7,3.5,1.1401754250991378,2.0,2.725,3.55,4.1499999999999995,5.1,0.026
22.53333333333333,1.8370265830049017,20.3,21.200000000000003,22.45,23.775,25.0,29.983333333333334,1.1973582031567107,28.4,28.975,30.450000000000003,30.95,31.0,0.5000000000000001,0.21908902300206645,0.2,0.35,0.55,0.6,0.8,3.8333333333333335,1.7466157753400338,2.1,2.375,3.5,5.15,6.2,0.029
21.827272727272728,2.1066992709406387,18.9,19.5,22.5,23.6,24.2,27.75454545454545,2.928946444154839,23.5,25.8,27.5,29.950000000000003,32.7,5.009090909090909,7.093300296118097,0.1,0.8,2.3,5.4,23.7,2.9272727272727277,0.965495633434879,1.6,2.35,2.8,3.15,4.7,0.165
17.5875,2.279998433583422,15.0,15.924999999999999,17.2,19.174999999999997,20.7,23.35,1.5802350638885518,21.3,22.625,23.3,23.625000000000004,26.7,33.6125,61.399917112554576,0.1,1.15,3.3,27.775000000000002,169.9,2.325,0.7265377779972235,1.0,1.8749999999999998,2.45,2.8499999999999996,3.2,2.958
12.470588235294118,2.1215456352275206,7.1,11.8,12.6,13.9,15.4,18.741176470588236,2.0143419594030614,15.8,16.8,18.3,20.5,22.8,5.935294117647058,12.667080424098845,0.1,0.7,1.6,6.5,53.3,3.0823529411764703,1.371238169555916,1.0,2.0,2.9,3.7,5.3,0.641
11.666666666666666,1.478287297291475,8.6,10.8,11.2,12.6,14.3,17.67142857142857,1.3925310973701295,16.0,16.6,17.5,18.0,21.7,4.680952380952381,6.999972789062758,0.1,0.4,1.2,5.4,23.4,1.9666666666666672,0.8469553313683864,1.1,1.5,1.6,2.2,4.5,1.6220000000000003
11.229411764705883,2.2109852741149,5.6,9.6,11.8,12.4,14.7,16.794117647058822,1.5722080763353552,13.4,15.8,17.0,17.6,19.1,5.047058823529412,7.766443655806919,0.0,0.7,2.7,5.6,32.2,2.3000000000000003,0.6680194607943695,1.3,1.8,2.2,2.8,3.3,1.596
8.799999999999999,2.360084744241189,4.4,7.65,8.5,10.1,12.6,14.13684210526316,1.596597258865724,10.9,13.2,14.5,15.0,16.9,12.889473684210527,16.173500093151077,0.1,1.75,6.2,17.2,51.1,2.452631578947368,0.9822697191553807,1.1,1.6,2.3,3.4000000000000004,4.1,40.182
10.594117647058823,2.4946118406064937,6.6,8.6,10.2,12.5,14.6,16.352941176470587,3.1518085377800995,11.8,14.2,15.7,17.0,23.2,4.8882352941176475,8.025730679581546,0.1,0.9,2.5,4.7,32.3,2.217647058823529,0.8589494267109437,1.0,1.4,2.1,2.7,3.7,14.47
12.9,2.1464558526260746,8.6,11.549999999999999,12.95,14.575,16.0,18.833333333333332,1.6098183597894367,16.7,17.275,19.05,19.674999999999997,21.5,5.458333333333333,8.230040133927696,0.2,0.6,1.25,5.300000000000001,22.0,2.5083333333333333,1.1220584438945913,1.3,1.725,2.3,3.0,4.9,0.23099999999999998
15.114285714285716,1.5410262505103232,13.2,14.350000000000001,14.8,15.55,18.0,21.414285714285715,0.7033931367037255,20.4,20.95,21.7,21.9,22.1,8.728571428571428,18.334549743195613,0.1,0.25,1.3,4.65,49.9,2.185714285714286,0.839500985563391,1.2,1.45,2.3,2.85,3.2,0.6920000000000001
18.35,1.946792233393178,15.5,18.125,19.0,19.225,19.9,23.975,1.5861378670636845,22.3,23.2,23.75,24.525,26.1,9.325,15.225937300102961,0.1,0.7000000000000001,2.6,11.225,32.0,3.8,1.7146428199482249,1.4,3.275,4.2,4.725,5.4,0.071
20.3,1.6970562748477132,19.1,19.700000000000003,20.3,20.9,21.5,28.9,0.141421356237309,28.8,28.85,28.9,28.95,29.0,0.3,0.282842712474619,0.1,0.2,0.3,0.4,0.5,3.9000000000000004,1.1313708498984762,3.1,3.5,3.9000000000000004,4.300000000000001,4.7,0.0
23.433333333333337,1.6653327995729061,22.1,22.5,22.9,24.1,25.3,29.0,1.4798648586948735,27.3,28.5,29.7,29.85,30.0,2.733333333333333,1.2055427546683415,1.6,2.1,2.6,3.3,4.0,3.3666666666666667,0.6658328118479392,2.8,3.0,3.2,3.65,4.1,0.0
18.060000000000002,1.6056151469141042,15.8,17.2,18.2,19.5,19.6,25.44,2.1431285542402723,22.5,24.0,26.0,27.2,27.5,6.720000000000001,6.080871648045204,0.4,1.1,6.4,12.1,13.6,3.6799999999999997,0.593295878967653,2.9,3.4,3.7,3.9,4.5,0.062
15.959999999999999,2.1077634275854265,13.0,14.475000000000001,15.75,17.05,20.0,22.04,2.0554534509175557,18.0,21.299999999999997,22.0,22.675,25.3,20.99,56.0004057524983,0.1,0.375,2.6,3.8249999999999997,179.8,2.87,0.8246884933786278,1.6,2.4,2.85,3.075,4.2,2.5539999999999994
11.98,3.207560512982482,8.2,9.975000000000001,11.55,12.924999999999999,19.4,18.689999999999998,2.6668541600753333,14.7,16.6,19.4,20.775000000000002,22.0,1.25,1.5174906186786716,0.1,0.22500000000000003,0.5,1.3749999999999998,4.0,3.3600000000000003,1.2038826077875424,0.7,2.8500000000000005,3.55,4.175,4.9,1.1200000000000003
12.0,3.554433850840384,3.6,10.55,12.6,14.2,16.6,16.89090909090909,3.4139286886092233,8.5,15.95,18.1,18.65,21.5,3.5090909090909093,5.3036693987190695,0.1,0.8,1.9,2.9000000000000004,18.2,2.3909090909090907,1.164864408808635,0.9,1.4,2.3,2.95,5.1,2.058
10.266666666666666,1.846536479384301,7.0,9.024999999999999,10.35,11.075000000000001,13.6,15.883333333333333,1.1296285256935599,14.0,15.375,15.649999999999999,16.45,18.4,4.883333333333333,8.853949640833985,0.0,0.35000000000000003,1.0,5.175,31.1,1.9249999999999998,0.681075352926265,0.9,1.3749999999999998,1.8,2.5,3.0,1.2479999999999998
9.1125,1.6565346790384872,6.3,8.325000000000001,9.05,9.950000000000001,11.8,16.0,1.4570027943889274,14.5,15.375,15.6,16.224999999999998,19.3,3.4499999999999997,4.557881713503074,0.1,0.37500000000000006,1.1,4.95,12.0,2.1875,1.1861552536300994,1.0,1.1749999999999998,1.7999999999999998,3.1750000000000003,4.1,0.197
10.3625,2.192804792302055,7.4,8.649999999999999,10.2,11.8,13.5,17.712500000000002,1.28445374715146,15.3,17.275,17.950000000000003,18.5,19.4,0.975,1.0402609562714815,0.1,0.24999999999999997,0.55,1.525,3.1,3.4625,0.8863045268335902,2.4,2.6,3.4,4.324999999999999,4.6,0.056
11.59,3.202932683928555,7.3,8.225,13.25,13.9,15.7,18.56,2.8469086548199765,13.6,16.325,19.35,20.4,22.2,4.08,3.829360259886761,0.1,0.25,4.65,6.050000000000001,11.1,3.21,1.3947919000497688,0.7,2.25,3.4,4.225,5.1,0.22200000000000003
17.366666666666667,1.871719352182194,16.0,16.3,16.6,18.05,19.5,22.599999999999998,1.2165525060596438,21.8,21.9,22.0,23.0,24.0,1.8333333333333333,2.5813433195399123,0.1,0.35,0.6,2.6999999999999997,4.8,3.233333333333333,0.40414518843273817,2.8,3.05,3.3,3.45,3.6,0.001
19.96666666666667,2.3072349974229622,18.3,18.65,19.0,20.8,22.6,26.7,4.471017781221631,22.0,24.6,27.2,29.049999999999997,30.9,0.5333333333333333,0.3055050463303894,0.2,0.4,0.6,0.7,0.8,3.2999999999999994,1.4106735979665883,2.0,2.55,3.1,3.95,4.8,0.014
23.98,1.900526242912736,20.7,24.1,24.7,24.9,25.5,29.7,0.7648529270389169,28.6,29.5,29.7,30.0,30.7,2.32,2.083746625672133,0.0,0.1,3.5,3.9,4.1,3.8800000000000003,1.2557866060760483,2.8,3.1,3.2,4.5,5.8,0.041
20.42,1.655160280926157,17.8,19.625,20.4,21.85,22.6,27.170000000000005,1.5734251385644844,24.3,26.075,27.4,28.599999999999998,28.8,6.290000000000001,5.845121422557828,0.0,1.05,5.8,9.299999999999999,16.0,2.5999999999999996,1.5698549119088823,1.1,1.6250000000000002,2.15,3.1250000000000004,6.5,1.067
17.03529411764706,3.0499879459742516,12.1,14.7,16.2,18.5,24.2,23.935294117647057,3.210518100025016,17.0,21.6,24.5,26.1,29.1,3.605882352941176,5.521828341708399,0.1,0.5,1.4,3.5,21.1,2.5882352941176467,1.1005012227055773,0.9,1.8,2.3,3.2,4.8,0.523
13.193333333333333,2.3217809256402004,9.3,11.8,13.2,14.5,18.5,19.793333333333333,2.727234776070722,15.7,18.35,19.4,20.7,26.2,5.986666666666666,8.792437226443665,0.1,1.05,2.8,7.699999999999999,34.6,2.26,0.9325847337986428,1.0,1.4500000000000002,2.3,2.85,4.1,1.2360000000000002
11.088235294117647,1.5644017838063438,8.5,10.0,11.1,12.0,14.1,17.01176470588235,1.5251566939749077,15.1,15.8,16.5,18.1,19.8,4.294117647058823,5.596256627004709,0.1,0.4,1.8,5.1,17.8,2.6411764705882352,0.7929839401978862,1.4,2.1,2.8,3.1,4.5,1.542
9.423529411764704,2.2829611833550483,6.0,7.6,9.6,11.0,13.6,15.664705882352942,1.1005346294361824,13.7,14.8,15.7,16.5,17.1,6.258823529411765,9.71429737703205,0.1,0.3,1.1,6.2,34.0,2.211764705882353,1.0641207361838556,1.1,1.6,2.0,2.5,5.7,1.195
7.8,1.9882991056008983,5.2,6.7749999999999995,8.25,9.274999999999999,9.5,16.0,2.715388247255507,12.9,14.85,15.8,16.950000000000003,19.5,0.85,0.5686240703077327,0.5,0.575,0.6,0.875,1.7,2.475,0.17078251276599346,2.3,2.375,2.45,2.55,2.7,0.117
10.81111111111111,2.8716042748107045,7.4,8.0,10.1,13.3,14.5,16.055555555555557,2.450056688686565,13.1,13.8,16.4,17.0,19.7,7.58888888888889,11.150049825499039,0.0,0.6,3.9,6.2,34.6,3.7333333333333334,2.210769096943414,0.2,3.1,3.9,5.0,7.5,0.518
13.6125,2.0095752927280075,10.6,12.375,13.3,15.075000000000001,16.7,19.5,2.3445986558775593,16.3,17.924999999999997,19.85,21.0,22.7,7.887499999999999,14.242635941827219,0.2,0.27499999999999997,2.15,6.824999999999999,42.0,2.95,1.9456912102680337,0.6,2.025,2.55,3.4000000000000004,6.2,0.247
15.385714285714288,2.1169384902326684,13.0,14.1,15.0,16.049999999999997,19.4,22.32857142857143,1.5628118736370513,20.5,21.4,22.5,22.55,25.4,1.757142857142857,2.4898842964129497,0.0,0.4,1.0,1.65,7.2,3.2,1.1135528725660044,2.2,2.55,2.7,3.5,5.4,0.0
14.0,1.9146234368364943,14.0,14.0,14.0,14.0,14.0,24.2,1.2065529702081519,24.2,24.2,24.2,24.2,24.2,0.0,1.9655321842186306,0.0,0.0,0.0,0.0,0.0,3.9,1.535678882903706,3.9,3.9,3.9,3.9,3.9,0.0
20.380000000000003,1.71230838344032,18.2,19.2,20.9,21.0,22.6,29.26,0.8502940667792526,28.0,29.1,29.2,29.7,30.3,1.08,1.4411800720243118,0.1,0.2,0.7,0.8,3.6,4.36,1.9578048932414076,2.3,3.7,4.0,4.2,7.6,0.007000000000000001
20.511111111111113,1.940002863686317,17.4,19.2,20.3,22.4,23.0,27.477777777777774,1.4454910738031022,25.7,26.2,27.5,28.8,29.5,3.4222222222222225,5.803614773952908,0.0,0.0,0.6,3.2,17.6,3.4666666666666663,1.101135777277262,1.7,3.0,3.1,4.4,4.9,0.181
18.225,2.117942826938872,15.5,17.125,17.5,18.775000000000002,22.6,23.733333333333334,2.6745716167890015,20.8,21.375,23.95,24.875000000000004,29.0,7.3999999999999995,13.538698742359387,0.0,0.2,0.7,5.775,39.0,2.4583333333333335,0.9596006113656521,1.1,1.8749999999999998,2.1500000000000004,3.025,4.7,1.939
10.10625,2.705418944760065,5.4,8.45,9.65,12.024999999999999,15.1,16.1,2.5437505118754604,11.6,14.924999999999999,15.850000000000001,18.55,19.8,4.19375,6.977245755549487,0.0,0.6249999999999999,1.45,3.0500000000000003,21.6,2.2875,0.7658328799418317,1.0,1.6749999999999998,2.1500000000000004,2.9,3.6,1.194
9.390909090909092,1.465233459524144,6.2,9.2,9.6,10.4,11.2,15.072727272727274,1.5900257287798265,12.2,14.25,15.0,16.15,17.4,8.509090909090908,11.969749750554898,0.5,2.4,6.0,8.0,42.8,2.909090909090909,0.8312094145936336,1.9,2.05,3.1,3.35,4.4,2.3419999999999996
9.940000000000001,2.832592266346927,0.8,9.325000000000001,10.2,11.175,13.3,14.580000000000002,2.8393105167498525,4.3,14.524999999999999,15.45,15.925,17.0,5.4399999999999995,8.239085283924997,0.1,0.35000000000000003,0.95,6.75,26.7,2.56,1.2906138890180578,0.3,1.6749999999999998,2.45,3.275,4.7,21.288999999999998
6.527777777777778,3.355207638977593,1.1,3.625,6.05,9.5,11.6,13.399999999999999,3.3072113719602996,7.9,11.299999999999999,14.3,15.0,19.8,3.072222222222222,5.003975543688244,0.1,0.5,0.85,2.4499999999999997,18.2,2.3277777777777775,1.223209642729062,0.8,1.5,2.1,2.5250000000000004,5.0,11.449999999999998
9.7,2.3892616911028033,6.8,7.725,9.75,11.425,13.5,16.2625,2.181701498503273,12.0,15.6,16.75,17.675,18.5,3.3875,3.8468679282167795,0.1,0.4,1.75,5.875,10.6,2.8875,1.2135396867958508,1.4,2.15,2.75,3.65,4.6,0.401
12.299999999999999,2.106339637063944,9.6,10.55,12.4,14.2,14.6,19.071428571428573,2.327168727384047,16.1,18.1,18.6,19.5,23.6,1.457142857142857,1.7510541043013137,0.0,0.35,0.6,2.1500000000000004,4.6,2.6571428571428575,0.7934253648099545,1.3,2.35,2.7,3.15,3.6,0.0
16.633333333333333,0.8962886439832505,15.6,16.35,17.1,17.15,17.2,21.900000000000002,0.40000000000000036,21.5,21.7,21.9,22.1,22.3,0.8666666666666667,1.3279056191361391,0.1,0.1,0.1,1.25,2.4,2.1333333333333333,1.73877351409933,0.8,1.15,1.5,2.8,4.1,0.0
22.03333333333333,1.3650396819628843,20.8,21.3,21.8,22.65,23.5,30.0,2.7730849247724088,26.8,29.15,31.5,31.6,31.7,0.19999999999999998,0.2645751311064591,0.0,0.05,0.1,0.3,0.5,5.0,1.9974984355438181,2.8,4.15,5.5,6.1,6.7,0.0
21.333333333333332,2.653927906581738,18.6,20.05,21.5,22.7,23.9,29.400000000000002,0.7549834435270749,28.6,29.05,29.5,29.8,30.1,0.46666666666666673,0.7234178138070235,0.0,0.05,0.1,0.7000000000000001,1.3,4.5,1.7776388834631178,3.1,3.5,3.9,5.2,6.5,0.006000000000000001
23.599999999999998,0.5196152422706624,23.0,23.45,23.9,23.9,23.9,31.400000000000002,2.443358344574123,28.6,30.55,32.5,32.8,33.1,0.39999999999999997,0.264575131106459,0.2,0.25,0.3,0.5,0.7,4.633333333333334,1.3576941236277535,3.2,4.0,4.8,5.35,5.9,0.08800000000000001
22.112499999999997,2.1363771068931494,19.8,20.7,20.9,24.225,25.0,29.0875,1.6872949610883943,26.3,28.0,29.25,29.825000000000003,31.8,6.7125,5.205886091723483,0.5,1.7500000000000002,7.25,10.575,13.6,3.325,0.7045768740375826,2.4,2.7499999999999996,3.4,3.65,4.4,0.752
17.96666666666667,3.1895663237081826,15.3,16.200000000000003,17.1,19.3,21.5,24.766666666666666,1.2503332889007368,23.5,24.15,24.8,25.4,26.0,2.5,4.243819034784589,0.0,0.05,0.1,3.75,7.4,3.5,1.0148891565092217,2.6,2.95,3.3,3.9499999999999997,4.6,0.0
13.273684210526316,2.967386074807096,8.0,10.85,13.5,15.2,18.4,19.7,3.0402850743529517,15.0,17.05,19.8,21.95,25.0,13.210526315789474,15.84276542697862,0.0,0.9500000000000001,6.9,20.35,61.3,2.473684210526316,0.9819719985050253,1.1,1.8,2.3,2.95,5.0,26.892
9.591666666666667,1.8588649192124715,7.0,8.25,9.35,11.15,12.3,15.258333333333333,2.5342950726289777,10.4,13.725,15.850000000000001,17.224999999999998,18.0,3.2583333333333333,4.0484471396356705,0.1,0.17500000000000002,1.7,4.825,12.9,2.9250000000000003,1.0905586558357059,1.2,2.275,2.8,3.8749999999999996,4.5,5.140999999999999
7.539999999999998,1.6417760418000291,5.1,6.25,8.0,8.7,10.6,13.786666666666665,1.7759772628317172,11.0,12.55,14.0,15.2,16.9,2.9533333333333336,4.3436105236257525,0.1,0.5,1.1,3.3,15.6,1.8,0.784674636849112,0.9,1.35,1.5,2.1500000000000004,4.0,0.3920000000000001
8.825,1.4149709739577194,7.0,7.8999999999999995,8.95,9.575000000000001,11.0,15.5,1.8562635280892332,13.2,14.425,15.1,16.200000000000003,19.3,4.55,5.142817460164363,0.2,0.5999999999999999,3.25,6.775,15.0,2.95,1.3835771443203715,1.1,1.9250000000000003,3.25,3.75,4.7,0.289
11.0625,1.2637105229103245,9.0,10.375,11.0,11.975000000000001,12.7,16.2125,1.1789068786682977,14.5,15.225000000000001,16.7,16.974999999999998,17.6,1.7,2.2161743098024966,0.1,0.1,0.9,2.075,6.4,2.25,0.9913915184512841,1.0,1.975,2.1,2.1500000000000004,4.5,0.061
12.959999999999999,2.2485550916088313,7.7,12.4,13.600000000000001,14.174999999999999,15.9,18.830000000000002,1.7876427681913034,16.2,17.8,18.2,20.475,21.2,5.12,10.965379863714507,0.1,0.45000000000000007,1.45,3.6,36.0,2.4699999999999998,0.8219894565422763,1.3,1.8000000000000003,2.55,2.9,4.0,0.11000000000000001
17.642857142857142,0.9812528434899659,16.5,17.15,17.5,17.8,19.6,21.814285714285713,0.7668736780560658,20.5,21.6,21.7,22.15,23.0,2.5285714285714285,2.3781745700671943,0.7,1.1,1.8,2.75,7.5,1.9857142857142858,0.8029706749078105,1.2,1.3,2.0,2.35,3.4,0.0
18.2,2.424871130596428,15.6,17.1,18.6,19.5,20.4,25.400000000000002,1.3114877048604008,24.2,24.7,25.2,26.0,26.8,5.333333333333333,7.95131016457875,0.3,0.75,1.2,7.85,14.5,3.3333333333333335,1.5011106998930268,1.8,2.6,3.4,4.1,4.8,0.272
19.2125,1.205271160954485,17.5,18.425,19.1,19.924999999999997,21.0,26.5625,1.3233480267866051,24.7,25.575000000000003,26.5,27.425,28.6,8.100000000000001,7.90912673525249,0.1,1.125,7.050000000000001,11.975,21.8,3.9,1.304935685333627,1.9,3.0500000000000003,3.6999999999999997,5.3,5.3,0.086
17.8125,2.2216065615418303,15.5,15.95,17.35,19.375,21.0,23.5375,1.658689241539837,20.3,23.0,23.6,24.2,26.0,8.387500000000001,9.527019845830969,0.1,0.8,5.15,13.024999999999999,26.6,2.5625,0.8331309278001524,1.6,2.175,2.4,2.7750000000000004,4.3,5.238
13.622222222222222,3.561873726628226,9.0,11.0,13.7,15.6,20.2,19.45555555555556,3.0079524227915875,15.5,17.0,19.8,21.5,24.3,4.0,4.231725416422951,0.2,0.8,2.7,5.8,12.3,2.088888888888889,0.7149203529842405,0.8,1.8,2.2,2.4,3.1,0.181
11.83076923076923,2.1906561480465983,8.9,10.1,12.0,13.6,15.6,16.976923076923075,2.100457825552105,13.0,15.5,17.5,18.5,19.7,10.99230769230769,11.071996322438991,0.2,2.5,9.1,13.0,34.0,2.2076923076923083,0.879830986100492,0.6,1.9,2.1,2.9,3.3,3.8209999999999997
9.325,1.708867248421384,6.6,8.325000000000001,8.85,10.7,12.5,15.016666666666666,1.5086618594173469,12.2,14.25,15.5,16.0,17.0,3.15,3.0089261146854978,0.1,0.5249999999999999,1.7000000000000002,5.725,7.9,1.9083333333333332,0.5053501636279422,1.3,1.475,1.9,2.4,2.6,0.7560000000000001
8.118181818181817,2.498326712749228,3.4,7.35,7.8,9.15,12.5,14.918181818181818,1.839466325768527,11.2,14.05,15.4,16.35,16.8,4.518181818181818,5.883845372172553,0.2,1.2000000000000002,2.1,5.8,20.2,2.7181818181818183,0.8715712039967611,1.2,2.3,2.6,3.15,4.4,1.574
11.575,2.8194266556636416,9.0,9.75,10.95,12.775,15.4,19.05,2.3951339558919593,16.8,17.099999999999998,18.95,20.9,21.5,4.475,5.923048201728566,0.1,0.17500000000000002,2.5500000000000003,6.85,12.7,2.85,0.7,2.5,2.5,2.5,2.85,3.9,0.66
11.166666666666666,2.3832750575625967,6.5,9.9,11.5,13.2,14.1,18.544444444444444,1.599305404786021,15.7,17.5,18.5,19.5,21.0,4.133333333333334,4.17402683268807,0.0,0.2,4.1,7.6,10.5,3.311111111111111,0.7849274559544412,2.3,2.6,3.3,3.8,4.5,0.309
14.3,2.7313000567495327,11.8,12.024999999999999,14.2,16.475,17.0,22.425,2.7801378862687134,18.9,20.85,23.05,24.625000000000004,24.7,2.4749999999999996,3.8387280879652486,0.1,0.4,0.8,2.875,8.2,3.0999999999999996,0.18257418583505536,2.9,2.975,3.1,3.2250000000000005,3.3,0.0
18.55,0.07071067811865576,18.5,18.525,18.55,18.575000000000003,18.6,25.4,0.141421356237309,25.3,25.35,25.4,25.45,25.5,0.25,0.21213203435596428,0.1,0.17500000000000002,0.25,0.32500000000000007,0.4,3.65,1.3435028842544399,2.7,3.1750000000000003,3.65,4.125,4.6,0.0
23.1,1.2958116056548807,23.1,23.1,23.1,23.1,23.1,30.9,1.3220100028207817,30.9,30.9,30.9,30.9,30.9,6.3,3.5703119668761265,6.3,6.3,6.3,6.3,6.3,1.7,1.2031803335761762,1.7,1.7,1.7,1.7,1.7,0.0
20.349999999999998,2.520912533191106,17.5,18.5,20.05,21.9,24.0,27.850000000000005,2.5025986494042547,23.3,27.325,28.6,29.050000000000004,30.5,4.3,6.928491899396289,0.0,0.2,1.4,4.325,17.9,1.8833333333333335,1.0628577828979127,0.5,1.525,1.65,2.15,3.7,0.12
19.5,2.1213203435596424,17.5,18.625,19.0,19.875,22.5,26.775,1.6780444968275816,25.6,25.674999999999997,26.15,27.250000000000004,29.2,6.2,4.08248290463863,0.6,5.25,6.9,7.85,10.4,2.4,0.8041558721209879,1.4,1.9250000000000003,2.55,3.025,3.1,0.066
14.623529411764707,3.100913053393449,9.0,12.1,16.0,17.0,19.0,20.53529411764706,2.868349084506318,14.8,18.1,20.9,22.1,25.6,3.8588235294117643,5.866862324054636,0.0,0.6,1.6,3.6,19.8,2.98235294117647,1.5141975160615802,1.3,2.1,2.9,3.4,7.8,0.24
9.322222222222221,2.4484221943590665,7.1,7.6,8.399999999999999,10.274999999999999,14.5,14.994444444444447,2.1457131605413293,11.5,13.774999999999999,15.0,16.325000000000003,18.5,4.772222222222222,6.119285382687364,0.0,0.9,2.65,6.975,25.0,2.222222222222222,0.9149449070881459,1.1,1.525,1.9,2.8,4.5,0.868
7.7,0.9999999999999999,5.7,7.499999999999999,7.800000000000001,8.075,9.2,15.05,0.7483314773547886,14.0,14.5,15.05,15.5,16.3,2.1625,2.8014983236016504,0.0,0.32500000000000007,0.9,2.925,6.9,1.5750000000000002,0.44641428548570705,1.2,1.3,1.45,1.6250000000000002,2.6,0.066
8.4,0.8544003745317528,7.5,8.0,8.5,8.85,9.2,16.400000000000002,0.5291502622129183,16.0,16.1,16.2,16.6,17.0,3.8333333333333335,3.9703064533274173,1.2,1.5499999999999998,1.9,5.15,8.4,1.9333333333333336,0.3055050463303894,1.6,1.8,2.0,2.1,2.2,0.148
11.22,2.308029462550251,8.6,9.4,11.3,12.5,14.3,16.759999999999998,1.5598076804529462,14.6,16.0,16.7,18.1,18.4,2.0799999999999996,2.6799253720952754,0.1,1.1,1.1,1.3,6.8,3.06,2.1220273325289662,1.3,1.6,2.1,3.9,6.4,0.049
12.5,1.6396863811630042,10.2,11.3,12.45,13.55,15.1,18.825,1.2914554358773445,16.5,18.125,19.15,19.775,20.2,4.5874999999999995,4.5542562510249684,0.1,0.5499999999999999,3.85,7.3,11.9,2.55,0.7964205637009345,1.5,1.975,2.5,2.8999999999999995,4.0,0.138
15.0,1.8069310999592652,11.9,14.0,15.2,15.6,18.5,22.43333333333333,2.764507189355817,18.0,20.6,23.2,23.5,26.0,4.9,7.4996666592589305,0.0,0.6,1.7,3.5,20.3,2.7555555555555555,1.0296979060762326,1.4,1.7,3.1,3.5,3.9,0.168
17.400000000000002,4.014971979976947,14.6,15.1,15.6,18.8,22.0,27.233333333333334,4.178915329763615,24.2,24.85,25.5,28.75,32.0,3.0999999999999996,2.7495454169735036,0.7,1.6,2.5,4.3,6.1,4.2,0.34641016151377574,3.8,4.1,4.4,4.4,4.4,0.019
22.166666666666668,1.5695009822658073,20.4,21.549999999999997,22.7,23.049999999999997,23.4,30.96666666666667,3.1069813860616113,27.5,29.7,31.9,32.7,33.5,5.266666666666667,7.919806394940051,0.3,0.7000000000000001,1.1,7.75,14.4,5.433333333333334,0.702376916856849,4.7,5.1,5.5,5.8,6.1,0.039
22.814285714285713,1.5026959899112124,21.0,21.85,22.4,23.75,25.1,29.45714285714286,0.3359421718944234,29.0,29.200000000000003,29.5,29.7,29.9,0.8714285714285713,0.9860937847795981,0.1,0.15000000000000002,0.3,1.4,2.6,3.7428571428571424,1.0845231561338262,2.6,2.9000000000000004,3.5,4.35,5.6,0.054
19.71,3.2236797469834237,15.1,18.0,19.15,21.299999999999997,25.0,26.49,2.102088908152502,23.5,25.125,26.25,28.424999999999997,29.3,3.56,4.441521260909499,0.1,0.2,1.7999999999999998,5.475,11.8,2.6399999999999997,1.1739770961233538,1.4,1.8,2.3,3.45,4.8,0.20400000000000001
18.957142857142856,2.5005713632802293,15.5,16.95,20.0,20.8,21.7,25.47142857142857,2.430167542725045,21.3,24.4,26.1,27.049999999999997,28.0,6.1428571428571415,8.411273613997098,0.2,0.4,2.2,9.2,21.4,3.4285714285714284,1.0562737740350678,1.8,2.85,3.4,4.199999999999999,4.7,1.628
13.346666666666666,2.3151262436008806,10.5,11.45,13.1,15.1,17.3,19.560000000000002,2.2468390494838997,16.0,18.4,19.3,20.85,23.5,8.92,10.734004711330115,0.2,2.05,4.9,10.25,38.8,2.4266666666666667,0.710600014742739,1.3,1.7999999999999998,2.8,2.95,3.7,5.006
10.741176470588234,1.4508871525421143,8.6,9.5,10.6,11.5,13.6,16.458823529411767,1.822792782905332,12.7,15.0,16.6,17.4,19.8,5.858823529411765,7.602718167169671,0.1,0.2,2.4,8.4,25.0,2.1529411764705886,0.9247416173307706,1.1,1.2,2.0,2.9,4.1,4.109
8.799999999999999,2.1354156504062622,5.0,7.7,8.6,10.4,12.5,15.382352941176471,1.3077821369200064,13.7,14.1,15.5,16.2,18.5,8.541176470588235,12.217357469167046,0.0,0.9,1.7,13.7,40.1,2.3411764705882354,0.7306322805705786,1.3,1.9,2.4,2.5,4.2,9.948
7.438095238095237,2.191227096965577,4.6,5.9,7.2,8.1,12.4,13.585714285714284,2.1232724069901425,9.1,12.5,13.6,15.0,18.5,7.447619047619047,8.10577689352594,0.1,1.7,3.7,9.8,31.3,1.9904761904761903,0.8624991373356625,0.8,1.4,1.7,2.3,3.6,12.41
9.033333333333333,3.1828708215487898,5.2,6.6,9.95,10.0,13.6,15.133333333333333,3.576404153149734,10.4,12.7,15.25,18.1,19.0,6.699999999999999,7.2454123416131395,0.3,2.5,3.2,10.2,18.7,1.7,0.322490309931942,1.2,1.6,1.65,1.925,2.1,1.146
11.700000000000001,1.758787461103056,9.6,10.149999999999999,11.8,13.35,13.5,16.814285714285713,1.8765469808743325,13.8,15.75,17.1,18.1,19.1,10.042857142857143,17.605667377566913,0.1,0.25,1.1,10.0,48.6,1.385714285714286,0.5669467095138409,0.9,0.95,1.3,1.6,2.4,4.526
15.450000000000001,2.101586702153082,12.9,14.174999999999999,15.7,16.975,17.5,22.45,0.7047458170621999,21.7,21.925,22.5,23.025,23.1,3.5,4.901700385240479,0.3,0.45,1.5,4.55,10.7,1.5999999999999999,0.24494897427831777,1.3,1.5250000000000001,1.6,1.6750000000000003,1.9,0.0
21.1,1.4750574197884705,21.1,21.1,21.1,21.1,21.1,25.4,0.5998602819463913,25.4,25.4,25.4,25.4,25.4,0.3,7.824861729638,0.3,0.3,0.3,0.3,0.3,2.2,1.4306220323342715,2.2,2.2,2.2,2.2,2.2,0.0
21.0,0.848528137423859,20.4,20.7,21.0,21.300000000000004,21.6,30.15,0.49497474683058273,29.8,29.975,30.15,30.325,30.5,10.4,10.748023074035522,2.8,6.6,10.4,14.2,18.0,5.45,2.6162950903902256,3.6,4.525,5.45,6.375,7.3,0.002
21.05,2.3036203390894663,17.2,19.15,21.3,22.325,25.5,27.95,2.6884940022250374,24.0,26.075000000000003,27.35,30.25,33.2,8.925,11.326340980210686,0.1,1.8499999999999999,3.1,15.275,38.9,3.25,1.5920636503188768,1.2,2.3,2.9,4.2250000000000005,7.3,6.361
19.5,1.9544820285692062,15.7,19.0,19.5,19.7,22.4,24.555555555555557,2.192664538359158,19.7,24.1,24.7,25.5,27.5,13.444444444444445,15.367913904553792,0.2,0.9,7.1,20.0,41.9,1.7777777777777777,0.41466184348749097,1.2,1.5,1.9,2.2,2.3,2.253
15.627272727272727,2.238343543377964,12.8,14.1,14.8,17.35,19.1,20.972727272727273,1.1679819425752347,19.4,19.85,21.2,21.45,23.0,4.745454545454546,8.088555326677767,0.3,0.45,0.9,4.75,25.5,1.9818181818181815,0.9119409869264368,0.7,1.25,2.2,2.7,3.3,0.8439999999999999
8.48,2.470453977944713,4.6,7.1,8.5,9.65,14.5,14.9,2.7005290486971516,11.0,12.899999999999999,14.2,17.45,18.7,12.259999999999998,17.139044814191283,0.2,0.6499999999999999,3.4,14.3,52.3,1.8866666666666667,0.777235638719197,0.9,1.3,1.8,2.15,3.5,8.932
8.264285714285714,1.2821899192440211,6.3,7.125,8.25,9.375,10.5,13.978571428571428,1.4874751821736114,11.2,13.149999999999999,13.95,15.125000000000002,16.3,4.321428571428572,4.9052842106052505,0.2,0.7249999999999999,3.85,5.950000000000001,18.7,1.957142857142857,0.7175967216654874,0.9,1.4,1.8,2.4,3.6,1.0619999999999998
9.524999999999999,2.476604818813738,6.4,8.424999999999999,8.8,10.274999999999999,14.0,16.8875,2.571512895442792,15.1,15.425,15.75,16.950000000000003,21.6,2.2,3.285900615834699,0.0,0.5999999999999999,0.9,2.15,10.0,2.075,1.1259916264596035,0.8,1.5000000000000002,1.7999999999999998,2.3000000000000003,4.4,0.589
10.4625,2.5171081290507433,6.4,8.875,11.15,12.05,14.0,16.41875,2.1581531456317,12.1,15.4,16.25,18.25,20.3,6.55,11.156104457500685,0.1,1.0750000000000002,2.3499999999999996,4.725,34.7,1.8562500000000002,1.1378158902036832,0.4,0.975,1.6,2.5,4.3,1.382
12.245454545454544,1.9325442485819757,9.2,11.350000000000001,12.1,13.55,15.4,18.518181818181816,1.5721438749797558,17.0,17.35,18.2,19.049999999999997,22.4,2.0454545454545454,1.6639492999269156,0.2,0.4,1.9,3.2,4.8,1.7,0.8366600265340756,0.6,1.1,1.8,1.9,3.4,0.415
15.014285714285716,2.357561290421786,10.6,14.3,15.7,16.6,17.0,21.628571428571426,1.168637790641004,19.7,21.0,21.8,22.450000000000003,23.0,1.8428571428571427,1.5629642167551832,0.1,0.65,1.7,2.9,4.0,1.957142857142857,0.42761798705987897,1.6,1.65,1.7,2.25,2.6,0.04499999999999999
17.483333333333334,0.7884584115009915,16.5,16.775,17.8,18.075000000000003,18.2,24.349999999999998,3.524060158396846,21.0,21.85,23.049999999999997,26.95,29.3,5.433333333333334,10.200522862415763,0.1,1.0,1.65,2.075,26.2,2.533333333333333,1.1758684733704985,1.6,1.6750000000000003,2.0999999999999996,2.9750000000000005,4.6,0.104
22.5,0.7071067811865476,22.0,22.25,22.5,22.75,23.0,30.25,3.6062445840513906,27.7,28.974999999999998,30.25,31.525,32.8,3.85,5.020458146424488,0.3,2.075,3.85,5.625000000000001,7.4,2.1,0.8485281374238571,1.5,1.8,2.1,2.4000000000000004,2.7,0.035
17.21666666666667,2.1414169763655715,14.4,15.9,17.3,18.1,20.5,25.116666666666664,2.8840365231159377,22.5,23.449999999999996,24.25,25.575000000000003,30.5,13.350000000000001,14.520571614092882,0.4,2.1750000000000003,10.600000000000001,18.05,38.6,2.15,1.2194260945215172,0.7,1.1500000000000001,2.3,2.85,3.8,0.18900000000000003
20.6,1.498888477061141,19.2,19.8,20.25,21.05,22.7,26.3,1.1518101695447331,25.5,25.65,25.85,26.5,28.0,2.8,4.688283267892418,0.1,0.17500000000000002,0.65,3.2750000000000004,9.8,1.625,0.5315072906367324,1.2,1.2,1.5,1.925,2.3,0.02
13.79375,2.796299638212376,10.5,11.55,13.55,15.850000000000001,20.2,20.2625,2.4926224476776797,15.6,18.95,19.95,21.65,25.4,3.8687500000000004,4.319524472284729,0.0,0.575,2.2,5.550000000000001,12.4,1.69375,1.041453311483525,0.7,1.2,1.35,1.7249999999999999,4.7,1.031
10.735,3.9985885667715038,4.2,7.775,10.5,12.675,18.3,16.515,3.011954252815376,11.8,14.375,16.05,17.65,24.0,3.81,4.999568402424985,0.1,0.7000000000000001,1.2,5.525,19.4,2.275,1.4208503754701562,0.8,1.2,1.75,3.075,6.6,0.8550000000000001
7.268750000000001,2.349955673340811,2.5,5.9,7.1,8.425,12.6,13.6,2.5440125785852556,8.6,12.15,14.8,15.6,15.8,4.3125,5.756373279534027,0.0,0.5249999999999999,2.25,5.175,21.2,2.375,0.9733105020153299,1.1,1.6749999999999998,2.1500000000000004,2.8749999999999996,4.7,1.663
6.6049999999999995,2.12936239530201,3.7,5.300000000000001,5.699999999999999,8.625,10.2,12.625,2.0201289693065587,9.2,11.225000000000001,12.85,13.925,16.5,7.669999999999999,11.773703973820552,0.0,0.6249999999999999,1.7,11.825,46.7,1.8999999999999997,0.7887364979243033,0.6,1.2750000000000001,1.7,2.425,3.3,8.805000000000001
8.5,3.28242070951999,4.4,6.5,7.45,12.075,12.4,14.0375,3.641011437185317,9.5,12.025,12.9,16.375,19.6,5.137500000000001,7.42408002958712,0.1,0.5249999999999999,1.15,7.575000000000001,21.3,2.0125,0.8288330867637257,1.1,1.2750000000000001,1.95,2.625,3.1,2.184
11.166666666666666,2.3627154383091167,7.5,9.299999999999999,11.45,13.075,14.1,16.725,2.35569908558334,13.0,15.475,16.45,18.275,21.5,3.4666666666666672,2.5439172847235327,0.1,1.625,2.5,5.45,7.3,2.4333333333333336,1.1428300862598104,1.3,1.7,2.2,2.6750000000000003,5.6,0.09699999999999999
16.160000000000004,0.8763560920082658,14.8,15.8,16.6,16.6,17.0,24.580000000000002,2.82789674493253,22.4,23.1,23.8,24.1,29.5,2.28,3.0605555051330144,0.0,0.1,0.2,4.6,6.5,3.08,0.8288546314040842,2.5,2.5,2.6,3.4,4.4,0.023
18.833333333333332,0.7094598884597599,18.2,18.45,18.7,19.15,19.6,26.166666666666668,1.0503967504392477,25.1,25.65,26.2,26.7,27.2,1.1666666666666667,1.6743157806499147,0.2,0.2,0.2,1.6500000000000001,3.1,3.1666666666666665,1.2662279942148382,2.2,2.45,2.7,3.65,4.6,0.014
21.75,1.0606601717798212,21.0,21.375,21.75,22.125,22.5,29.049999999999997,0.21213203435596475,28.9,28.974999999999998,29.049999999999997,29.125,29.2,1.75,0.21213203435596414,1.6,1.6750000000000003,1.75,1.8249999999999997,1.9,4.1,0.5656854249492379,3.7,3.9000000000000004,4.1,4.3,4.5,0.0
22.75,1.7306068299876785,19.9,22.15,22.8,23.975,24.7,29.48333333333333,1.9208505060692935,27.6,28.000000000000004,29.5,29.874999999999996,32.8,2.283333333333333,3.7263476309473145,0.1,0.125,0.9,1.9,9.7,3.866666666666667,2.7082589733381606,1.8,2.0,2.95,4.425,8.9,0.002
21.5,2.835489375751565,18.5,19.0,21.0,23.799999999999997,25.3,28.737499999999997,2.821315549273323,25.4,26.575,28.05,30.799999999999997,33.1,3.0625,6.052139527236864,0.2,0.825,1.15,1.3250000000000002,18.0,3.1375,1.0835622468770048,2.0,2.1500000000000004,3.1,3.9000000000000004,4.5,0.0
18.490000000000002,2.4365047825841746,15.6,16.275000000000002,18.299999999999997,20.475,22.4,25.11,1.5132378824523554,22.3,24.175000000000004,25.35,26.475,26.7,2.8099999999999996,4.243020412656793,0.1,0.2,1.2999999999999998,3.2,13.9,2.38,0.7728734264634367,1.4,1.9,2.1,2.95,3.7,0.12000000000000002
13.423076923076923,3.4828517640371106,7.5,11.8,12.9,16.6,19.2,19.87692307692308,4.009811684305105,13.4,16.6,20.1,23.1,25.6,4.5,4.0777853466475324,0.5,1.5,2.9,5.8,13.1,1.9692307692307693,0.6196566460342041,1.1,1.5,1.9,2.3,3.0,0.25099999999999995
9.558823529411766,2.036252324593336,4.1,8.8,9.5,10.5,12.3,15.341176470588236,2.279544588160487,11.5,14.1,15.6,16.4,20.8,5.41764705882353,10.32679980040511,0.0,0.1,1.8,5.0,42.0,2.323529411764706,0.9582075791319343,0.8,1.5,2.6,2.8,4.5,0.906
8.491999999999999,2.5019858779244406,4.4,7.1,7.9,10.5,13.9,14.112,1.7676066681627263,10.4,13.4,14.2,14.9,18.8,6.82,10.816114521089972,0.1,0.5,2.3,7.6,44.9,1.84,0.7810249675906655,0.3,1.3,1.7,2.2,3.7,9.068000000000001
9.9875,1.6330842861635424,8.5,8.6,9.649999999999999,10.7,13.3,15.8125,0.9078034714943225,14.7,15.3,15.55,16.35,17.5,4.7125,9.610476054806025,0.2,0.37500000000000006,1.05,2.9999999999999996,28.3,1.7,0.7151423434733615,0.9,1.125,1.6,2.2,2.8,2.709
8.033333333333333,2.5821502667350713,5.7,6.1,6.5,8.6,13.1,14.799999999999999,3.118493225902535,11.5,13.0,13.5,16.0,21.7,3.522222222222222,3.8238651184952177,0.1,1.6,2.6,3.3,12.0,3.177777777777778,1.557062761883555,0.9,1.8,3.2,4.6,5.0,0.036
15.066666666666668,0.99532239333126,13.5,14.925,15.0,15.3,16.6,20.3,0.26832815729997433,19.8,20.25,20.4,20.475,20.5,1.1833333333333333,1.8702049798529214,0.1,0.1,0.45,1.0250000000000001,4.9,2.65,0.8549853799919622,1.9,2.075,2.4,2.875,4.2,0.015
16.7375,2.38862632370275,14.0,14.95,16.55,17.575,20.3,23.2875,4.338017157313104,18.9,21.025,21.65,24.7,30.2,5.1875,8.090282972271648,0.1,0.6249999999999999,0.9500000000000001,5.575,20.7,3.2874999999999996,2.145718327939887,0.8,1.85,2.8,4.5,7.3,0.208
15.666666666666666,0.8504900548115378,14.8,15.25,15.7,16.1,16.5,22.2,1.9157244060668022,20.0,21.55,23.1,23.3,23.5,0.9333333333333335,1.1150485789118487,0.1,0.3,0.5,1.35,2.2,4.7,1.835755975068582,2.6,4.05,5.5,5.75,6.0,0.05000000000000001
21.5,2.1213203435596424,20.0,20.75,21.5,22.25,23.0,29.2,0.7071067811865476,28.7,28.95,29.2,29.45,29.7,1.6,1.9798989873223332,0.2,0.9,1.6,2.3,3.0,3.05,0.6363961030678927,2.6,2.825,3.05,3.275,3.5,0.0
20.644444444444446,1.965395069134391,17.4,19.3,20.5,22.5,23.0,27.22222222222222,1.446355573309843,24.5,26.5,27.5,28.1,29.1,6.522222222222222,12.74144593224978,0.0,0.4,1.0,4.5,39.7,2.3777777777777778,0.9364531191920098,0.8,2.1,2.3,2.8,4.0,0.442
18.52857142857143,2.152296669230558,15.2,17.299999999999997,18.7,19.75,21.7,26.200000000000006,2.4303634844744244,23.6,24.5,26.4,26.8,30.8,10.542857142857143,14.57358994241034,0.1,2.5,3.4,13.15,39.0,1.5428571428571427,0.716140449113959,0.6,1.05,1.4,2.05,2.6,1.9439999999999995
13.742857142857144,1.4033972386761386,10.7,13.7,14.4,14.45,14.8,20.685714285714283,1.5060196672338775,18.4,19.85,20.6,21.55,23.0,6.485714285714287,10.119688495111657,0.5,1.2000000000000002,1.8,6.050000000000001,28.6,2.042857142857143,0.8599557020706412,1.2,1.4,1.6,2.65,3.4,0.23
11.37857142857143,2.1441076937033277,8.7,10.0,11.1,12.650000000000002,16.0,18.53571428571428,1.6795636534332563,14.6,17.575,18.55,19.9,20.8,8.292857142857143,13.639505082703657,0.2,1.05,1.7000000000000002,8.025,43.5,2.242857142857143,2.124840006905239,0.7,1.125,1.7000000000000002,2.075,9.0,20.122000000000007
9.483333333333334,1.4497126151988424,7.7,8.274999999999999,9.75,10.55,11.1,17.650000000000002,1.2275992831539124,15.8,16.925,17.95,18.375,19.1,2.4499999999999997,1.9705329228409252,0.2,0.7999999999999999,2.45,4.1,4.7,1.1,0.39999999999999997,0.7,0.8,1.0,1.3499999999999999,1.7,0.5140000000000001
11.346153846153847,1.1652005439804376,8.9,11.1,11.7,12.1,13.2,16.746153846153845,1.3769624689967557,14.2,16.1,17.0,17.2,19.2,6.8769230769230765,8.474093250033091,0.2,1.2,3.7,10.8,30.5,2.0846153846153843,1.386149435093582,0.5,0.9,1.6,3.5,4.6,1.628
10.46923076923077,2.999551248488295,5.7,7.3,11.2,12.9,14.2,16.807692307692307,2.649673419644246,13.0,15.2,16.4,18.7,21.7,8.823076923076924,9.742275046257063,0.2,1.2,4.8,12.2,33.0,1.6076923076923075,0.8957878640816125,0.4,1.0,1.4,2.1,3.6,8.789
13.9,2.346425853444827,10.1,12.775000000000002,14.100000000000001,15.799999999999999,16.4,20.125,1.741715082489507,18.2,18.950000000000003,19.8,20.95,23.6,2.8,2.373063119984079,0.0,1.4000000000000001,2.25,4.325,7.0,2.175,0.7045768740375825,1.3,1.7000000000000002,2.1500000000000004,2.4749999999999996,3.3,0.173
16.16,1.2778888840583917,14.6,15.6,15.7,17.1,17.8,22.299999999999997,1.2649110640673524,20.9,21.7,22.1,22.5,24.3,0.45999999999999996,0.4979959839195493,0.1,0.1,0.3,0.5,1.3,3.2,1.3379088160259651,1.5,2.1,3.6,4.3,4.5,0.0
15.4,2.795234039098217,13.2,13.350000000000001,14.600000000000001,16.650000000000002,19.2,22.175,3.042340108096617,18.0,21.450000000000003,22.700000000000003,23.425,25.3,3.8249999999999997,2.1761969886325394,1.6,2.35,3.5999999999999996,5.074999999999999,6.5,1.65,0.7416198487095663,0.7,1.3750000000000002,1.7000000000000002,1.975,2.5,0.026
23.0,1.2727922061357835,22.1,22.550000000000004,23.0,23.449999999999996,23.9,30.65,0.21213203435596475,30.5,30.575,30.65,30.725,30.8,0.65,0.4949747468305833,0.3,0.475,0.65,0.825,1.0,2.25,0.0707106781186545,2.2,2.225,2.25,2.275,2.3,0.0
20.575,2.3683679331275087,18.2,18.724999999999998,20.6,22.450000000000003,22.9,30.400000000000002,3.281259920619924,27.8,28.775000000000002,29.3,30.925,35.2,4.2749999999999995,7.23573308886759,0.2,0.35000000000000003,0.8999999999999999,4.824999999999999,15.1,3.45,0.9746794344808966,2.3,2.825,3.55,4.175,4.4,0.0
16.74615384615385,3.5345002910867485,9.1,15.4,17.4,19.1,22.0,23.238461538461536,3.6218177898072264,15.1,22.2,24.4,25.7,27.9,9.223076923076924,12.027063499053142,0.3,1.0,3.1,10.1,35.3,2.430769230769231,1.1455599907065943,0.5,1.6,2.3,3.5,4.2,0.9429999999999998
13.020000000000001,2.21365889745591,8.6,12.0,13.8,14.7,16.0,19.71333333333333,2.5919839799622517,13.5,18.65,20.5,21.25,23.3,3.646666666666667,5.273771578924013,0.1,0.5,1.8,4.35,19.6,1.76,0.6445374864416897,0.9,1.35,1.6,2.1,3.2,3.5880000000000005
